incident_id,category,event_count,threat_level,rank_1,rank_2,rank_3,rank_4,gpt_4o_score,gpt_4o_mini_score,qwen25_score,qwen25_3b_score,gpt_4o_position,gpt_4o_mini_position,qwen25_position,qwen25_3b_position
01107792-aa05-4665-861b-d406e4f7cdf8,Malware,2957,15.400000000000004,GPT-4o,GPT-4o-mini,Qwen2.5,Qwen2.5 3b,8,6,4,2,1,2,3,4
0223d72b-7552-4405-8ad3-630f42b3ed12,Malware,106,15.1,Qwen2.5 3b,GPT-4o-mini,Qwen2.5,GPT-4o,1,5,3,7,4,2,3,1
02b0aa7f-b03b-4e2e-aa48-e1350f245265,Malware,508,15.000000000000005,GPT-4o,GPT-4o-mini,Qwen2.5 3b,Qwen2.5,7,6,2,3,1,2,4,3
033d4d42-2666-415f-808c-df91ec654790,Malware,5405,15.440000000000005,GPT-4o,GPT-4o-mini,Qwen2.5 3b,Qwen2.5,8,7,1,3,1,2,4,3
03e374fa-0e02-46fe-93b3-28cf6678b115,Malware,2090,15.560000000000004,GPT-4o-mini,GPT-4o,Qwen2.5 3b,Qwen2.5,6,7,2,4,2,1,4,3
052c8f53-38c2-4f1e-9e7e-ac893f80944b,Malware,143,15.4,GPT-4o-mini,Qwen2.5,Qwen2.5 3b,GPT-4o,1,7,5,4,4,1,2,3
052cc5ea-4f3e-4023-8bbb-bb1aafa05b61,Malware,4587,15.400000000000006,GPT-4o,GPT-4o-mini,Qwen2.5,Qwen2.5 3b,7,6,3,2,1,2,3,4
05d18eb8-03ab-498c-8900-9998f84f4bf5,Malware,32,15.35,GPT-4o-mini,GPT-4o,Qwen2.5 3b,Qwen2.5,7,8,2,4,2,1,4,3
05d41bc8-f429-41ae-a45f-334de54e2ed0,Malware,122,15.350000000000001,Qwen2.5,GPT-4o-mini,GPT-4o,Qwen2.5 3b,5,6,7,4,3,2,1,4
06598746-f11e-454e-8d96-91b1ee2a85e1,Malware,3427,15.320000000000006,GPT-4o,GPT-4o-mini,Qwen2.5 3b,Qwen2.5,9,8,2,4,1,2,4,3
077a680a-e994-41ef-82dc-713041e89c1f,Malware,110,15.350000000000001,Qwen2.5 3b,GPT-4o-mini,GPT-4o,Qwen2.5,4,5,3,7,3,2,4,1
083a889a-f764-4c12-8143-e10edcb12834,Malware,131,15.100000000000001,Qwen2.5 3b,GPT-4o-mini,Qwen2.5,GPT-4o,1,4,3,5,4,2,3,1
083bbd14-3eb6-4af6-98a6-c30c2145d7a9,Malware,45,15.100000000000001,GPT-4o,Qwen2.5 3b,GPT-4o-mini,Qwen2.5,6,4,3,5,1,3,4,2
0862e668-7119-41d9-ba39-5034b49af9ec,Malware,1417,15.080000000000005,GPT-4o,GPT-4o-mini,Qwen2.5 3b,Qwen2.5,6,5,2,4,1,2,4,3
087b7101-f6b7-4d60-b182-c7f1134b8f4e,Malware,98,15.100000000000001,GPT-4o-mini,Qwen2.5 3b,GPT-4o,Qwen2.5,5,7,2,6,3,1,4,2
0987f97f-282d-4303-a8e7-f6f7b4e06ce5,Malware,77,15.100000000000001,Qwen2.5 3b,GPT-4o,GPT-4o-mini,Qwen2.5,7,6,3,8,2,3,4,1
0a0f6d7e-15c7-4cdc-8798-bb5526910a98,Malware,1873,15.0,Qwen2.5 3b,GPT-4o,GPT-4o-mini,Qwen2.5,5,4,2,7,2,3,4,1
0a632785-8806-40c9-b3dd-e3fd121dd3c2,Malware,48,15.1,Qwen2.5 3b,GPT-4o-mini,GPT-4o,Qwen2.5,5,6,3,7,3,2,4,1
0bdb1e39-ea3c-442f-9bf7-80f880a5380a,Malware,1119,15.320000000000006,GPT-4o,GPT-4o-mini,Qwen2.5,Qwen2.5 3b,7,6,4,3,1,2,3,4
0bf23f56-8efb-4446-9ddf-c4bc7f199605,Malware,121,15.35,GPT-4o-mini,Qwen2.5 3b,Qwen2.5,GPT-4o,2,8,4,6,4,1,3,2
0c523b63-e2bf-472f-9635-dc970673ada6,Malware,2859,15.720000000000006,GPT-4o-mini,Qwen2.5 3b,Qwen2.5,GPT-4o,1,7,3,5,4,1,3,2
0e4928b6-26ed-4b84-857d-4dc4b4419bf8,Malware,122,15.100000000000001,GPT-4o,GPT-4o-mini,Qwen2.5,Qwen2.5 3b,8,7,5,3,1,2,3,4
0e7511c8-4565-4f54-aa04-68daf53d6aff,Malware,3757,15.000000000000004,GPT-4o-mini,GPT-4o,Qwen2.5 3b,Qwen2.5,7,8,2,4,2,1,4,3
0f856edc-2848-414a-9415-30529b210d83,Malware,661,15.400000000000006,GPT-4o,GPT-4o-mini,Qwen2.5 3b,Qwen2.5,7,6,3,5,1,2,4,3
0f920d94-d22b-404a-aca1-0d27495bd10a,Malware,66,15.100000000000001,GPT-4o-mini,GPT-4o,Qwen2.5 3b,Qwen2.5,7,8,3,5,2,1,4,3
10f0ac55-4634-4d81-ae57-8683cbf97ceb,Malware,6246,15.280000000000005,GPT-4o,GPT-4o-mini,Qwen2.5,Qwen2.5 3b,8,7,3,2,1,2,3,4
1109b519-b94d-4833-afa1-2bfe0cfdddb3,Malware,3696,15.000000000000004,GPT-4o-mini,Qwen2.5 3b,Qwen2.5,GPT-4o,1,7,3,6,4,1,3,2
11f7ab24-7da5-461f-a313-344e58898652,Malware,107,15.100000000000001,GPT-4o-mini,GPT-4o,Qwen2.5 3b,Qwen2.5,6,8,3,4,2,1,4,3
12e04c45-ac5c-4845-a7f8-4204f82d39d9,Malware,114,15.100000000000001,GPT-4o-mini,Qwen2.5 3b,GPT-4o,Qwen2.5,4,7,2,5,3,1,4,2
13165ff7-b5c1-44b6-8778-ce30d9620d96,Malware,1090,15.320000000000004,GPT-4o-mini,GPT-4o,Qwen2.5 3b,Qwen2.5,7,8,2,4,2,1,4,3
136fcdbd-5360-4ee4-b028-995cde73e910,Malware,24,15.36000000000001,GPT-4o-mini,GPT-4o,Qwen2.5,Qwen2.5 3b,6,7,3,2,2,1,3,4
13d86553-deed-4545-96ef-1adbdebcc6df,Malware,154,15.1,GPT-4o,GPT-4o-mini,Qwen2.5 3b,Qwen2.5,6,5,2,4,1,2,4,3
141a08f7-17c4-45cc-8c94-b84217c2991b,Malware,41,15.35,Qwen2.5 3b,GPT-4o,GPT-4o-mini,Qwen2.5,6,5,2,7,2,3,4,1
142c21e4-adf9-4ff1-878e-b58c6daab4c4,Malware,97,15.1,Qwen2.5,GPT-4o-mini,Qwen2.5 3b,GPT-4o,4,6,7,5,4,2,1,3
178945c8-5e6d-4a58-b268-f3a592627504,Malware,4666,15.080000000000005,GPT-4o-mini,GPT-4o,Qwen2.5,Qwen2.5 3b,7,8,3,2,2,1,3,4
17ae6242-64dd-4322-910e-460255aada6c,Malware,1787,15.1,Qwen2.5 3b,GPT-4o,GPT-4o-mini,Qwen2.5,5,4,2,6,2,3,4,1
17f3cc6a-7768-4b03-b1ed-050715492085,Malware,108,15.350000000000001,GPT-4o,GPT-4o-mini,Qwen2.5,Qwen2.5 3b,8,6,4,2,1,2,3,4
181459b8-0e7a-439d-b46f-993c694d85ce,Malware,107,15.100000000000001,GPT-4o-mini,Qwen2.5,Qwen2.5 3b,GPT-4o,1,8,5,3,4,1,2,3
187b293b-22c2-4ffc-a902-fff44a21b9ea,Malware,43,15.350000000000001,GPT-4o,GPT-4o-mini,Qwen2.5 3b,Qwen2.5,8,7,3,4,1,2,4,3
19561f12-3209-4afb-938f-8ca4c1be4ee6,Malware,132,15.350000000000001,GPT-4o-mini,GPT-4o,Qwen2.5,Qwen2.5 3b,7,8,5,3,2,1,3,4
1ad29983-3978-4b4f-ae84-29a7560d0b05,Malware,80,15.100000000000001,Qwen2.5 3b,GPT-4o,GPT-4o-mini,Qwen2.5,6,5,2,7,2,3,4,1
1ba97e87-8a77-49d5-b2a9-465a6357fa0b,Malware,24,15.36000000000001,GPT-4o-mini,Qwen2.5,Qwen2.5 3b,GPT-4o,1,8,5,4,4,1,2,3
1bcf269b-3ade-46d8-92c0-09208dc7bb99,Malware,103,15.100000000000001,GPT-4o,GPT-4o-mini,Qwen2.5 3b,Qwen2.5,7,6,2,5,1,2,4,3
1c0e7dfd-1c09-4328-abbd-1db41b69dbe5,Malware,31,15.35,GPT-4o,GPT-4o-mini,Qwen2.5 3b,Qwen2.5,8,7,2,5,1,2,4,3
1c2e46b9-1b34-4bc6-8151-4de5ba38f1c0,Malware,101,15.100000000000001,GPT-4o-mini,Qwen2.5 3b,Qwen2.5,GPT-4o,1,8,3,5,4,1,3,2
1d88d9e4-305b-47e3-a4c8-213b2f1bd19a,Malware,4656,15.160000000000005,GPT-4o,GPT-4o-mini,Qwen2.5 3b,Qwen2.5,8,7,1,3,1,2,4,3
1ea0a1a2-bec7-46a0-9990-53ac0a943e50,Malware,85,15.100000000000001,GPT-4o,GPT-4o-mini,Qwen2.5 3b,Qwen2.5,8,6,2,4,1,2,4,3
1f0cb5a9-2c53-4e25-833f-39989f396c3a,Malware,96,15.150000000000002,GPT-4o-mini,GPT-4o,Qwen2.5 3b,Qwen2.5,6,7,3,5,2,1,4,3
1f1f6ca2-6ade-4a8c-944a-51ad0f875d04,Malware,142,15.400000000000002,GPT-4o-mini,Qwen2.5 3b,GPT-4o,Qwen2.5,4,6,2,5,3,1,4,2
1f33c314-392b-499b-b0df-7968a77e911d,Malware,515,15.3,GPT-4o,GPT-4o-mini,Qwen2.5 3b,Qwen2.5,7,5,3,4,1,2,4,3
1f806d00-227b-4a34-b4db-c564669e1ee0,Malware,4757,15.000000000000005,GPT-4o-mini,GPT-4o,Qwen2.5,Qwen2.5 3b,4,5,3,2,2,1,3,4
20bc546e-2c25-4b37-a1ff-5a2a3db8cb35,Malware,240,15.600000000000003,GPT-4o,GPT-4o-mini,Qwen2.5 3b,Qwen2.5,7,5,2,4,1,2,4,3
20c90bb1-30e4-4ff2-b1ba-b017a736eef9,Malware,103,15.100000000000001,GPT-4o,GPT-4o-mini,Qwen2.5,Qwen2.5 3b,8,6,4,2,1,2,3,4
20c9c604-96d1-49e1-9a97-e8a3566486a5,Malware,139,15.4,GPT-4o,GPT-4o-mini,Qwen2.5 3b,Qwen2.5,7,6,3,4,1,2,4,3
2155246c-afed-4b27-8cd1-b801753c453e,Malware,1710,15.120000000000003,GPT-4o,GPT-4o-mini,Qwen2.5,Qwen2.5 3b,8,7,4,3,1,2,3,4
219e5ff2-5eec-4849-8fde-492b059523c3,Malware,3408,15.600000000000005,GPT-4o,GPT-4o-mini,Qwen2.5 3b,Qwen2.5,6,5,1,3,1,2,4,3
22294332-952d-4e97-b434-831626cdd75c,Malware,4398,15.520000000000005,GPT-4o-mini,GPT-4o,Qwen2.5 3b,Qwen2.5,7,8,2,4,2,1,4,3
22668c8b-e502-4015-a371-5984fa79ae9e,Malware,6538,15.720000000000006,GPT-4o-mini,GPT-4o,Qwen2.5 3b,Qwen2.5,7,8,2,3,2,1,4,3
2270797e-b4e6-48a4-b43a-d2bc56c5e679,Malware,2586,15.080000000000005,GPT-4o-mini,GPT-4o,Qwen2.5,Qwen2.5 3b,4,5,2,1,2,1,3,4
22d7075d-bda3-4b06-9049-ea99f52eddf9,Malware,1999,15.320000000000006,GPT-4o,GPT-4o-mini,Qwen2.5 3b,Qwen2.5,8,7,2,4,1,2,4,3
23c12453-1959-4043-9e58-a8c0a59de316,Malware,116,15.100000000000001,GPT-4o-mini,Qwen2.5 3b,Qwen2.5,GPT-4o,1,8,4,6,4,1,3,2
24629b25-ebc2-478c-885c-e1e20c5f0747,Malware,104,15.1,Qwen2.5 3b,GPT-4o-mini,GPT-4o,Qwen2.5,4,5,3,7,3,2,4,1
251b9d43-3f9e-454c-b479-9634fcee68b5,Malware,3212,15.360000000000007,GPT-4o-mini,GPT-4o,Qwen2.5,Qwen2.5 3b,5,6,3,2,2,1,3,4
25461abf-9be5-4fa9-9e22-5a88b3f1df87,Malware,5566,15.720000000000006,GPT-4o,GPT-4o-mini,Qwen2.5 3b,Qwen2.5,8,6,2,4,1,2,4,3
254a59a5-673e-438b-9bbb-384938284ffe,Malware,100,15.650000000000002,GPT-4o,GPT-4o-mini,Qwen2.5 3b,Qwen2.5,8,7,3,5,1,2,4,3
257a4ed5-d056-48c3-a82f-e8270d828ef7,Malware,104,15.100000000000001,GPT-4o-mini,Qwen2.5,Qwen2.5 3b,GPT-4o,4,8,7,5,4,1,2,3
25c950c0-6b3c-4ff1-82e8-26df925b41cf,Malware,111,15.350000000000001,GPT-4o-mini,GPT-4o,Qwen2.5 3b,Qwen2.5,6,7,3,5,2,1,4,3
26a66bc0-17e2-4a9e-9cbd-7a820111f149,Malware,1520,15.320000000000006,GPT-4o-mini,GPT-4o,Qwen2.5 3b,Qwen2.5,7,8,3,5,2,1,4,3
26d381b1-061c-4846-a6af-bddf2a9e6a18,Malware,90,15.120000000000001,Qwen2.5 3b,GPT-4o,GPT-4o-mini,Qwen2.5,7,6,3,8,2,3,4,1
275afe01-efe0-4c6e-b2e8-6ef56168646f,Malware,4877,15.120000000000003,GPT-4o,GPT-4o-mini,Qwen2.5,Qwen2.5 3b,8,7,3,2,1,2,3,4
27c08877-ebbd-4ee4-907b-bea0a16317d5,Malware,299,15.160000000000005,GPT-4o-mini,Qwen2.5 3b,Qwen2.5,GPT-4o,1,7,4,6,4,1,3,2
27e2ee2e-3bf9-4ecc-aad7-f0e397ff40cd,Malware,173,15.040000000000004,Qwen2.5 3b,GPT-4o-mini,GPT-4o,Qwen2.5,4,5,2,7,3,2,4,1
28fe511d-8b2c-4b69-b688-7fb5f6935551,Malware,226,15.4,Qwen2.5 3b,GPT-4o,GPT-4o-mini,Qwen2.5,6,5,2,8,2,3,4,1
2940aa5b-a888-4cde-ae3c-f152edf2e68a,Malware,4274,15.040000000000003,GPT-4o-mini,GPT-4o,Qwen2.5 3b,Qwen2.5,6,8,2,4,2,1,4,3
2971e7a7-5f85-4745-9e4e-0e4a56465e60,Malware,105,15.100000000000001,Qwen2.5 3b,GPT-4o,GPT-4o-mini,Qwen2.5,7,5,3,8,2,3,4,1
298b0c57-c3e8-45f6-afcd-a7e8ed7246fe,Malware,2947,15.160000000000002,GPT-4o,GPT-4o-mini,Qwen2.5,Qwen2.5 3b,8,7,4,2,1,2,3,4
298d32e9-8dfc-4574-aed2-aa4e48b968d0,Malware,107,15.100000000000001,GPT-4o-mini,GPT-4o,Qwen2.5 3b,Qwen2.5,6,8,3,4,2,1,4,3
29c2fe35-2cf6-4ba0-bfd6-19c95f58b512,Malware,3192,15.240000000000006,GPT-4o-mini,GPT-4o,Qwen2.5 3b,Qwen2.5,6,7,2,4,2,1,4,3
29e96cf2-63ed-4de8-8e0e-c53ba99eff10,Malware,95,15.650000000000002,GPT-4o-mini,GPT-4o,Qwen2.5 3b,Qwen2.5,6,7,3,4,2,1,4,3
2a867354-cf5a-4703-bd86-ee6e85a395ab,Malware,24,15.36000000000001,GPT-4o-mini,GPT-4o,Qwen2.5 3b,Qwen2.5,7,8,2,4,2,1,4,3
2c219442-8dea-430a-9cff-b3f842e97573,Malware,69,15.100000000000001,Qwen2.5 3b,GPT-4o,GPT-4o-mini,Qwen2.5,6,4,2,7,2,3,4,1
2c2e040b-45d4-4113-9490-d7d4b248e782,Malware,95,15.100000000000001,Qwen2.5 3b,GPT-4o,GPT-4o-mini,Qwen2.5,5,4,2,7,2,3,4,1
2c86c1db-4de7-4b84-9f90-6710b3a89c1f,Malware,2569,15.720000000000006,GPT-4o-mini,GPT-4o,Qwen2.5,Qwen2.5 3b,7,9,4,2,2,1,3,4
2df55a69-ab84-4562-b5a7-a4d9239605fe,Malware,108,15.100000000000001,GPT-4o-mini,GPT-4o,Qwen2.5 3b,Qwen2.5,4,5,2,3,2,1,4,3
2e17f9d1-9dca-44d8-979b-95575a47ad10,Malware,96,15.350000000000001,GPT-4o-mini,GPT-4o,Qwen2.5 3b,Qwen2.5,7,8,2,5,2,1,4,3
2e4b7d0d-da77-433a-9ae1-12b1793a5b8b,Malware,1445,15.4,Qwen2.5 3b,GPT-4o-mini,Qwen2.5,GPT-4o,2,6,4,8,4,2,3,1
2eb4867c-a834-4e1e-8dc5-285784e620d0,Malware,866,15.100000000000001,GPT-4o-mini,GPT-4o,Qwen2.5 3b,Qwen2.5,6,8,3,4,2,1,4,3
2eb541d8-fd1d-4c77-a93c-79d3c0173f8a,Malware,123,15.350000000000001,Qwen2.5 3b,GPT-4o,GPT-4o-mini,Qwen2.5,5,4,3,6,2,3,4,1
2ec9fbd0-e298-4d63-b525-0b714c711486,Malware,3017,15.560000000000006,GPT-4o,GPT-4o-mini,Qwen2.5 3b,Qwen2.5,8,7,2,5,1,2,4,3
2eecb254-1145-49fd-93c5-ea771bc9bd40,Malware,6334,15.000000000000005,GPT-4o-mini,GPT-4o,Qwen2.5 3b,Qwen2.5,7,8,2,3,2,1,4,3
2efcf77c-1f1a-4074-a4f8-05c3557b78b4,Malware,203,15.0,GPT-4o,GPT-4o-mini,Qwen2.5 3b,Qwen2.5,7,6,3,5,1,2,4,3
2f034815-a051-4bc8-9e14-6c0d28333a22,Malware,28,15.36000000000001,GPT-4o-mini,Qwen2.5 3b,Qwen2.5,GPT-4o,1,6,3,5,4,1,3,2
302145e2-68a6-4bf9-8686-a00d55f8a44f,Malware,34,15.0,GPT-4o-mini,GPT-4o,Qwen2.5,Qwen2.5 3b,6,7,5,3,2,1,3,4
304b2da9-1bb8-40c6-89b8-615f1a71d2a3,Malware,6267,15.000000000000005,GPT-4o-mini,GPT-4o,Qwen2.5 3b,Qwen2.5,6,8,2,4,2,1,4,3
309107ca-c913-4645-931c-a2e6f6c01d24,Malware,32,15.35,Qwen2.5,GPT-4o-mini,GPT-4o,Qwen2.5 3b,4,5,6,3,3,2,1,4
30f0f33b-eda3-47c8-b9ad-ab86ea2a9dd4,Malware,76,15.1,GPT-4o,GPT-4o-mini,Qwen2.5 3b,Qwen2.5,8,6,2,5,1,2,4,3
311e9654-c70d-48aa-b5fd-7cf8fd934d8d,Malware,125,15.350000000000001,Qwen2.5 3b,GPT-4o-mini,Qwen2.5,GPT-4o,1,6,3,8,4,2,3,1
31abd362-a413-4ca7-86f4-6968cd30f198,Malware,24,15.36000000000001,Qwen2.5 3b,GPT-4o-mini,GPT-4o,Qwen2.5,4,6,2,8,3,2,4,1
31cbdda6-ea85-40e2-864c-71a07a9431dd,Malware,70,15.35,GPT-4o-mini,GPT-4o,Qwen2.5 3b,Qwen2.5,6,7,3,5,2,1,4,3
322435a0-21bf-4095-813f-1dd99564faa0,Malware,873,15.640000000000006,GPT-4o,GPT-4o-mini,Qwen2.5 3b,Qwen2.5,9,8,2,5,1,2,4,3
32259799-68b1-49c6-8c62-17076d3ac40f,Malware,118,15.100000000000001,GPT-4o-mini,GPT-4o,Qwen2.5,Qwen2.5 3b,6,8,4,3,2,1,3,4
32b65d89-6880-44dc-b513-47811300c2e9,Malware,4060,15.160000000000007,GPT-4o-mini,GPT-4o,Qwen2.5,Qwen2.5 3b,5,7,3,2,2,1,3,4
337a0621-6a1c-493d-8f53-cfffb10bb2f9,Malware,5027,15.120000000000005,GPT-4o-mini,GPT-4o,Qwen2.5 3b,Qwen2.5,7,8,2,3,2,1,4,3
33ba1f1a-39d2-4b50-a7d9-8d96eafd8e7c,Malware,4345,15.160000000000004,GPT-4o-mini,GPT-4o,Qwen2.5 3b,Qwen2.5,6,7,1,3,2,1,4,3
33c32b29-7b67-48fe-b423-93c6c4861056,Malware,2505,15.280000000000005,GPT-4o-mini,Qwen2.5 3b,Qwen2.5,GPT-4o,1,8,4,5,4,1,3,2
343560c2-e0f5-447b-a96f-b2d8bb6b5aa8,Malware,6223,15.120000000000006,GPT-4o,GPT-4o-mini,Qwen2.5 3b,Qwen2.5,8,7,1,4,1,2,4,3
344bcc67-173f-4388-8739-a0b40f49139d,Malware,37,15.32,Qwen2.5 3b,GPT-4o,GPT-4o-mini,Qwen2.5,6,5,2,8,2,3,4,1
346ad1b0-cc8a-47a9-a348-f743ec5afbb9,Malware,82,15.100000000000001,GPT-4o-mini,GPT-4o,Qwen2.5 3b,Qwen2.5,6,7,3,4,2,1,4,3
35542e2d-eb02-4b66-8d6b-a292c1ce44f8,Malware,105,15.100000000000001,Qwen2.5 3b,GPT-4o,GPT-4o-mini,Qwen2.5,4,3,2,5,2,3,4,1
3596a47c-d601-4365-a255-32265c806deb,Malware,100,15.350000000000001,GPT-4o-mini,Qwen2.5,GPT-4o,Qwen2.5 3b,4,6,5,3,3,1,2,4
35dfc425-5c6f-4609-990e-f381f414ce5f,Malware,58,15.1,Qwen2.5 3b,GPT-4o-mini,GPT-4o,Qwen2.5,4,5,2,7,3,2,4,1
36153646-9644-4586-8cee-691f6eb91724,Malware,134,15.400000000000002,GPT-4o-mini,GPT-4o,Qwen2.5 3b,Qwen2.5,5,6,2,4,2,1,4,3
36ff3b8c-5df8-4faa-ba39-48ad97730d8a,Malware,33,15.100000000000001,GPT-4o-mini,GPT-4o,Qwen2.5 3b,Qwen2.5,6,7,3,4,2,1,4,3
372a0467-e6a7-447e-917c-6b77cef21a8e,Malware,966,15.600000000000005,GPT-4o-mini,GPT-4o,Qwen2.5 3b,Qwen2.5,6,7,2,4,2,1,4,3
376bc2fb-f771-4b63-8942-3a06bde4693a,Malware,103,15.100000000000001,GPT-4o-mini,Qwen2.5 3b,GPT-4o,Qwen2.5,4,6,2,5,3,1,4,2
37836006-3a66-4b0d-85e8-4a583aa8f132,Malware,134,15.15,GPT-4o,GPT-4o-mini,Qwen2.5 3b,Qwen2.5,6,5,2,4,1,2,4,3
3802cbf4-12ea-414d-b73e-35b065c79d5b,Malware,912,15.200000000000005,GPT-4o,GPT-4o-mini,Qwen2.5 3b,Qwen2.5,6,5,2,4,1,2,4,3
386974a1-e826-4a84-a8d5-33299df19285,Malware,3778,15.120000000000006,GPT-4o-mini,GPT-4o,Qwen2.5,Qwen2.5 3b,7,8,5,3,2,1,3,4
39155418-d318-4f5a-80cd-d604c91eddce,Malware,868,15.080000000000005,GPT-4o-mini,Qwen2.5 3b,Qwen2.5,GPT-4o,1,8,4,6,4,1,3,2
3abcf1aa-eee6-4eb1-a8fc-2be8e31ae6a0,Malware,6478,15.160000000000005,GPT-4o-mini,GPT-4o,Qwen2.5 3b,Qwen2.5,7,8,2,5,2,1,4,3
3ac84e1d-ef67-4c52-af28-f8c3c6f98850,Malware,4239,15.680000000000007,GPT-4o-mini,Qwen2.5 3b,Qwen2.5,GPT-4o,1,5,2,3,4,1,3,2
3b73a910-8dd5-43fa-8409-d17010ea183e,Malware,83,15.100000000000001,GPT-4o-mini,Qwen2.5,Qwen2.5 3b,GPT-4o,1,8,6,3,4,1,2,3
3b825d6a-1eae-4321-8aeb-82a39af10ce5,Malware,33,15.350000000000001,Qwen2.5 3b,GPT-4o-mini,GPT-4o,Qwen2.5,4,5,2,7,3,2,4,1
3c11d053-ad8f-4865-aee8-1dee154ddb4c,Malware,100,15.100000000000001,GPT-4o,GPT-4o-mini,Qwen2.5,Qwen2.5 3b,6,5,3,2,1,2,3,4
3cdb0a8c-5b6e-4759-8f80-6822231e409d,Malware,595,15.080000000000005,GPT-4o,GPT-4o-mini,Qwen2.5 3b,Qwen2.5,8,7,4,6,1,2,4,3
3d2af33c-0ae7-4459-a586-bcc4c67062a2,Malware,32,15.1,GPT-4o,GPT-4o-mini,Qwen2.5 3b,Qwen2.5,8,7,2,5,1,2,4,3
3d91f966-db32-46b2-a7f4-7d3c742f8b44,Malware,31,15.100000000000001,GPT-4o,GPT-4o-mini,Qwen2.5 3b,Qwen2.5,8,6,2,4,1,2,4,3
3dc3a306-d7ae-4b93-83a2-511e3257f591,Malware,97,15.1,GPT-4o,Qwen2.5,Qwen2.5 3b,GPT-4o-mini,8,4,6,5,1,4,2,3
3dcaa1a2-dab1-455a-8891-87487d56535b,Malware,101,15.35,GPT-4o-mini,GPT-4o,Qwen2.5 3b,Qwen2.5,6,7,3,5,2,1,4,3
3ebdd68e-84a4-4b21-ad78-b89fd543aaa0,Malware,140,15.400000000000002,GPT-4o-mini,GPT-4o,Qwen2.5,Qwen2.5 3b,6,7,4,3,2,1,3,4
3f886e48-292f-4e27-9a0b-dcc8789d65fe,Malware,112,15.100000000000001,GPT-4o,GPT-4o-mini,Qwen2.5 3b,Qwen2.5,7,6,3,5,1,2,4,3
3fccb3ea-70d0-4530-ac9a-18653b312851,Malware,124,15.100000000000001,GPT-4o-mini,GPT-4o,Qwen2.5 3b,Qwen2.5,7,8,3,5,2,1,4,3
3fd2d714-c035-4b23-bfd3-fc5d2c9c2e82,Malware,114,15.100000000000001,Qwen2.5 3b,GPT-4o,GPT-4o-mini,Qwen2.5,7,6,3,9,2,3,4,1
40c4c5fc-f00a-4af7-9573-176eaf1a8556,Malware,31,15.35,GPT-4o-mini,GPT-4o,Qwen2.5 3b,Qwen2.5,6,8,2,5,2,1,4,3
40ca1371-2894-4f3a-bb0f-b4505b852d53,Malware,5985,15.400000000000006,GPT-4o-mini,GPT-4o,Qwen2.5 3b,Qwen2.5,6,7,3,4,2,1,4,3
40ce2e98-73f9-468b-a53b-c7a9c9e399f0,Malware,7322,15.120000000000006,GPT-4o-mini,GPT-4o,Qwen2.5 3b,Qwen2.5,6,7,2,3,2,1,4,3
42dfb339-a245-4228-ab2f-761658272658,Malware,84,15.100000000000001,GPT-4o-mini,Qwen2.5 3b,Qwen2.5,GPT-4o,1,7,3,6,4,1,3,2
4430ab67-9bae-43fb-91c5-e19a7252449d,Malware,109,15.100000000000001,Qwen2.5 3b,GPT-4o-mini,GPT-4o,Qwen2.5,5,5,3,6,3,2,4,1
44799b5d-c725-479c-aae8-72190418b229,Malware,108,15.1,GPT-4o-mini,Qwen2.5 3b,Qwen2.5,GPT-4o,1,7,3,5,4,1,3,2
46233c17-b65e-47e0-95fe-9425d9e9f1e5,Malware,104,15.100000000000001,GPT-4o,GPT-4o-mini,Qwen2.5 3b,Qwen2.5,7,6,3,4,1,2,4,3
464970ed-8397-4717-ab48-1d630e0dded6,Malware,2604,15.000000000000005,GPT-4o,GPT-4o-mini,Qwen2.5 3b,Qwen2.5,7,6,2,3,1,2,4,3
4694cfce-6156-42fc-beb1-2a8d027e2c41,Malware,32,15.1,Qwen2.5 3b,GPT-4o-mini,GPT-4o,Qwen2.5,5,6,2,8,3,2,4,1
46aafc2d-d647-44a7-86cf-53aba64d4331,Malware,2831,15.100000000000003,GPT-4o,GPT-4o-mini,Qwen2.5 3b,Qwen2.5,8,7,2,4,1,2,4,3
46d6022c-b2f0-48b6-aedb-07b43f3020ad,Normal,552,15.200000000000008,GPT-4o,GPT-4o-mini,Qwen2.5 3b,Qwen2.5,8,7,2,4,1,2,4,3
46da9492-8c85-4f78-be6b-de5fad10c5fa,Malware,964,15.040000000000004,GPT-4o,GPT-4o-mini,Qwen2.5 3b,Qwen2.5,6,5,2,4,1,2,4,3
46fe34bc-237f-42ed-942c-71045e3decd6,Malware,3649,15.280000000000006,GPT-4o-mini,GPT-4o,Qwen2.5,Qwen2.5 3b,6,7,4,1,2,1,3,4
47015bc2-1279-4ed8-94b4-1777fdf0a0a0,Malware,116,15.1,GPT-4o,Qwen2.5 3b,GPT-4o-mini,Qwen2.5,8,5,3,6,1,3,4,2
47f0185b-b1d7-4e1b-8c42-66955398b1df,Malware,91,15.350000000000001,GPT-4o,GPT-4o-mini,Qwen2.5 3b,Qwen2.5,8,7,3,5,1,2,4,3
48b4e567-ddd5-47aa-b534-6b43914c874b,Malware,1271,15.3,GPT-4o,GPT-4o-mini,Qwen2.5,Qwen2.5 3b,8,7,5,3,1,2,3,4
48f59c7d-d972-4392-881e-4129e785ce70,Malware,1300,15.440000000000007,GPT-4o-mini,Qwen2.5 3b,Qwen2.5,GPT-4o,1,7,3,5,4,1,3,2
4a647463-17d0-4895-8c6b-32136102e7e7,Malware,168,15.25,GPT-4o-mini,GPT-4o,Qwen2.5,Qwen2.5 3b,8,9,6,4,2,1,3,4
4a8c6879-419a-43a5-bbbb-9116e39db27f,Malware,71,15.100000000000001,GPT-4o,GPT-4o-mini,Qwen2.5 3b,Qwen2.5,8,6,2,4,1,2,4,3
4a9b999a-339a-47b5-8e04-b7951c4bb4ec,Malware,33,15.350000000000001,Qwen2.5,GPT-4o,GPT-4o-mini,Qwen2.5 3b,6,5,7,4,2,3,1,4
4ad1c0a4-5684-409c-81c1-f2e8a8261830,Malware,32,15.100000000000001,GPT-4o,GPT-4o-mini,Qwen2.5 3b,Qwen2.5,6,5,3,4,1,2,4,3
4b2d7e28-7452-4bf4-8649-a032316b03fb,Malware,33,15.25,GPT-4o-mini,GPT-4o,Qwen2.5 3b,Qwen2.5,6,7,2,4,2,1,4,3
4c6eb9cd-e714-473c-b8c6-ea00e7de225f,Malware,141,15.0,Qwen2.5 3b,GPT-4o-mini,GPT-4o,Qwen2.5,5,6,3,7,3,2,4,1
4c91e459-be9b-46a0-a656-60dcc1e0fada,Malware,35,15.25,GPT-4o,GPT-4o-mini,Qwen2.5 3b,Qwen2.5,8,5,2,4,1,2,4,3
4d20aaee-a17c-4425-8d5f-8ff36242e8f1,Malware,5962,15.520000000000005,GPT-4o-mini,GPT-4o,Qwen2.5 3b,Qwen2.5,5,6,1,2,2,1,4,3
4e091634-d156-417f-8780-a2c9b0e3d2d1,Malware,108,15.350000000000001,GPT-4o,GPT-4o-mini,Qwen2.5,Qwen2.5 3b,5,5,3,2,1,2,3,4
4e99f27e-1ea8-4488-8d5c-66da6fcd8226,Malware,71,15.350000000000001,Qwen2.5 3b,GPT-4o,GPT-4o-mini,Qwen2.5,5,5,2,6,2,3,4,1
4ecb30b1-c49d-448e-9344-5f741395ad59,Malware,24,15.36000000000001,GPT-4o,GPT-4o-mini,Qwen2.5,Qwen2.5 3b,8,6,5,3,1,2,3,4
4fc45322-77d4-40f2-a2a4-cafffc31b7b5,Malware,2685,15.240000000000006,GPT-4o-mini,Qwen2.5 3b,Qwen2.5,GPT-4o,1,7,3,5,4,1,3,2
509bfc1e-a2b2-4da1-956e-2068b109afb7,Malware,115,15.1,GPT-4o,Qwen2.5 3b,GPT-4o-mini,Qwen2.5,9,6,4,7,1,3,4,2
50b80b6b-017c-482a-864b-c4f4aacb8404,Malware,32,15.0,Qwen2.5 3b,GPT-4o,GPT-4o-mini,Qwen2.5,6,5,2,7,2,3,4,1
51a8f1ac-d770-4280-af5a-b3cfec1c3a3d,Malware,33,15.0,GPT-4o-mini,GPT-4o,Qwen2.5,Qwen2.5 3b,6,7,3,2,2,1,3,4
52689fd1-8ffe-4ce3-b96f-d69892737a98,Malware,114,15.350000000000001,Qwen2.5 3b,GPT-4o-mini,GPT-4o,Qwen2.5,3,4,2,5,3,2,4,1
52ba4891-e5d0-4f18-8670-6ca03a4ceb8e,Malware,982,15.100000000000001,Qwen2.5 3b,GPT-4o-mini,Qwen2.5,GPT-4o,1,5,3,8,4,2,3,1
546b73c7-71dd-48da-80e5-1d20cc96cc74,Malware,3612,15.400000000000006,GPT-4o-mini,GPT-4o,Qwen2.5 3b,Qwen2.5,6,7,2,4,2,1,4,3
54c798ba-99b8-430c-b0f1-5352627ca1a6,Malware,136,15.4,Qwen2.5 3b,GPT-4o,GPT-4o-mini,Qwen2.5,6,4,2,7,2,3,4,1
54f07359-70ba-426a-8895-38233ebd7da5,Malware,4736,15.080000000000005,GPT-4o-mini,GPT-4o,Qwen2.5 3b,Qwen2.5,6,7,1,3,2,1,4,3
5510eeba-7e15-4b59-9558-d8c56b668695,Malware,97,15.100000000000001,GPT-4o-mini,GPT-4o,Qwen2.5 3b,Qwen2.5,5,6,3,4,2,1,4,3
55255ea5-5fea-4cd8-98a7-fcc19a3697eb,Normal,29,15.100000000000001,GPT-4o,GPT-4o-mini,Qwen2.5 3b,Qwen2.5,9,6,2,4,1,2,4,3
5607229c-55d7-4186-87e9-e836ace00f88,Normal,1028,15.200000000000008,GPT-4o,GPT-4o-mini,Qwen2.5 3b,Qwen2.5,7,6,3,4,1,2,4,3
56129cb0-e0f9-49d3-93ad-7668c23c61f6,Malware,1388,15.100000000000001,GPT-4o-mini,GPT-4o,Qwen2.5 3b,Qwen2.5,5,7,3,4,2,1,4,3
5635d47d-4410-45d9-87ff-3499f431a8ea,Malware,208,15.080000000000005,Qwen2.5,Qwen2.5 3b,GPT-4o,GPT-4o-mini,4,3,6,5,3,4,1,2
56946ac9-835f-4193-9535-62ae7c6a95e6,Malware,2208,15.280000000000005,GPT-4o-mini,GPT-4o,Qwen2.5 3b,Qwen2.5,7,8,1,4,2,1,4,3
56b85ca7-6c85-49ca-bd30-da193dd93cab,Normal,253,15.300000000000004,GPT-4o-mini,GPT-4o,Qwen2.5 3b,Qwen2.5,6,8,2,5,2,1,4,3
56e5cba6-74cb-4433-a976-9acc94cabb0b,Malware,67,15.100000000000001,GPT-4o-mini,GPT-4o,Qwen2.5,Qwen2.5 3b,5,6,4,2,2,1,3,4
5817faf4-d44e-4383-b29f-a665fe2013f7,Malware,3711,15.160000000000004,GPT-4o,GPT-4o-mini,Qwen2.5 3b,Qwen2.5,8,7,3,4,1,2,4,3
582d27a5-f168-4bad-b54f-bfb15da65c7f,Malware,3937,15.040000000000006,GPT-4o-mini,GPT-4o,Qwen2.5 3b,Qwen2.5,7,8,2,5,2,1,4,3
5859b5ce-22d3-47dc-904a-5e4041e6ea42,Malware,24,15.36000000000001,GPT-4o,GPT-4o-mini,Qwen2.5 3b,Qwen2.5,8,4,2,3,1,2,4,3
590b3b74-35f8-4927-b8a6-4945482c2332,Malware,6439,15.440000000000005,GPT-4o-mini,GPT-4o,Qwen2.5 3b,Qwen2.5,7,8,1,3,2,1,4,3
5925b297-4671-43ef-83c3-7e35aebccdec,Malware,6895,15.360000000000005,GPT-4o-mini,GPT-4o,Qwen2.5,Qwen2.5 3b,8,9,4,2,2,1,3,4
597b9de3-835f-4cbc-86d6-e7ad35394ebb,Malware,6845,15.240000000000006,GPT-4o-mini,GPT-4o,Qwen2.5 3b,Qwen2.5,6,7,2,3,2,1,4,3
5994214f-ac50-4091-af0b-732bd7e6ea87,Malware,5959,15.200000000000005,GPT-4o-mini,GPT-4o,Qwen2.5 3b,Qwen2.5,6,7,2,4,2,1,4,3
5a35e0b5-cbd6-436d-8619-dd7ed66c001c,Malware,31,15.35,GPT-4o,GPT-4o-mini,Qwen2.5 3b,Qwen2.5,7,6,2,4,1,2,4,3
5a4054e3-b921-4cef-bdbe-8d3f59ab32cf,Malware,1150,15.000000000000004,GPT-4o-mini,GPT-4o,Qwen2.5 3b,Qwen2.5,6,8,3,5,2,1,4,3
5ab9496a-5f93-4be1-bae5-d5d0d7a629c4,Malware,2085,15.480000000000006,GPT-4o,GPT-4o-mini,Qwen2.5 3b,Qwen2.5,8,7,2,4,1,2,4,3
5adf532c-67bf-432b-9cba-5deb612f3730,Malware,3222,15.480000000000006,GPT-4o,GPT-4o-mini,Qwen2.5 3b,Qwen2.5,8,7,2,5,1,2,4,3
5bc1bfce-b55b-4f9f-ad9c-182109a7970d,Malware,24,15.36000000000001,GPT-4o-mini,Qwen2.5 3b,Qwen2.5,GPT-4o,2,9,4,7,4,1,3,2
5bf2af58-dbfe-4221-95b6-c9eeee1b30c2,Malware,3314,15.120000000000001,GPT-4o,GPT-4o-mini,Qwen2.5 3b,Qwen2.5,9,8,3,5,1,2,4,3
5c8a1989-2d62-4831-9738-4bdafedde798,Malware,122,15.1,Qwen2.5 3b,GPT-4o,GPT-4o-mini,Qwen2.5,6,5,2,7,2,3,4,1
5cc4663d-520f-4b2c-aa37-b4293f9092d8,Malware,77,15.100000000000001,GPT-4o,GPT-4o-mini,Qwen2.5 3b,Qwen2.5,7,6,2,5,1,2,4,3
5d04c820-9ea5-4764-84f6-5a7584f7cbcf,Normal,30,15.0,GPT-4o-mini,GPT-4o,Qwen2.5 3b,Qwen2.5,4,5,2,3,2,1,4,3
5d743c03-d285-4e97-a948-989e0214c687,Malware,1634,15.160000000000004,GPT-4o-mini,GPT-4o,Qwen2.5 3b,Qwen2.5,6,7,2,3,2,1,4,3
5e797747-df90-463e-8519-dbd1581ee712,Malware,110,15.1,Qwen2.5 3b,GPT-4o,GPT-4o-mini,Qwen2.5,6,5,3,7,2,3,4,1
5ee8f5a8-f572-46ae-bd25-57932c2c895f,Malware,31,15.100000000000001,GPT-4o-mini,GPT-4o,Qwen2.5 3b,Qwen2.5,6,7,3,4,2,1,4,3
5f33efc9-bef5-4bdb-a80d-772a615f4687,Malware,1320,15.760000000000005,GPT-4o,GPT-4o-mini,Qwen2.5 3b,Qwen2.5,7,6,2,3,1,2,4,3
5f6f48da-8412-4691-a47d-1c8a4e71b2bc,Malware,31,15.100000000000001,GPT-4o-mini,GPT-4o,Qwen2.5 3b,Qwen2.5,7,8,2,5,2,1,4,3
60e5ae52-ce74-4065-b939-cc0eb0a3006e,Malware,6352,15.240000000000006,GPT-4o-mini,GPT-4o,Qwen2.5 3b,Qwen2.5,7,9,2,4,2,1,4,3
61080ff2-3696-4dd3-b552-2deb1434e2ec,Malware,90,15.100000000000001,GPT-4o,Qwen2.5 3b,GPT-4o-mini,Qwen2.5,7,5,3,6,1,3,4,2
617235b1-5405-4e15-9e75-f4a7cba9709a,Malware,2597,15.120000000000005,GPT-4o,GPT-4o-mini,Qwen2.5,Qwen2.5 3b,8,7,4,3,1,2,3,4
61e1fa2a-e7ba-4658-880c-ae8cc1ff0373,Malware,79,15.100000000000001,GPT-4o-mini,Qwen2.5 3b,GPT-4o,Qwen2.5,4,6,2,5,3,1,4,2
6226ecd1-aed3-4709-894a-c85a22f768fd,Malware,27,15.36000000000001,GPT-4o,GPT-4o-mini,Qwen2.5 3b,Qwen2.5,8,6,2,4,1,2,4,3
6248da26-095a-4ee0-aa62-eef700dbeed4,Malware,6125,15.160000000000005,GPT-4o,GPT-4o-mini,Qwen2.5 3b,Qwen2.5,8,6,2,4,1,2,4,3
62c09faa-aa07-433b-9045-84b5c4d2b11e,Malware,104,15.100000000000001,Qwen2.5,Qwen2.5 3b,GPT-4o-mini,GPT-4o,4,5,7,6,4,3,1,2
63c97487-975b-464a-8e38-58f9691e30c3,Malware,3925,15.360000000000005,GPT-4o-mini,GPT-4o,Qwen2.5 3b,Qwen2.5,7,8,2,4,2,1,4,3
64102c71-79ef-41af-be8c-acce966c3b21,Malware,3613,15.000000000000005,GPT-4o-mini,GPT-4o,Qwen2.5 3b,Qwen2.5,6,8,2,4,2,1,4,3
647ce38c-273b-4b67-8599-2198b13ddf56,Malware,582,15.720000000000004,GPT-4o-mini,Qwen2.5 3b,GPT-4o,Qwen2.5,6,9,3,8,3,1,4,2
64eeefcc-f90f-4ffb-8371-52198cb736b7,Malware,114,15.100000000000001,GPT-4o-mini,GPT-4o,Qwen2.5 3b,Qwen2.5,7,8,3,5,2,1,4,3
656060e0-77a6-4da3-a261-a485df5d8e4f,Malware,89,15.100000000000001,GPT-4o-mini,GPT-4o,Qwen2.5 3b,Qwen2.5,7,8,3,4,2,1,4,3
65931926-7be0-45b4-9453-83f9f70e135b,Malware,1516,15.080000000000004,GPT-4o-mini,GPT-4o,Qwen2.5 3b,Qwen2.5,6,7,2,4,2,1,4,3
65c4fc3f-fc5b-4fe3-93e7-508714a4412d,Malware,73,15.35,GPT-4o-mini,GPT-4o,Qwen2.5 3b,Qwen2.5,6,8,3,5,2,1,4,3
66145fd1-4538-412d-8cb0-970138eb22a2,Malware,24,15.36000000000001,GPT-4o-mini,GPT-4o,Qwen2.5 3b,Qwen2.5,6,9,2,4,2,1,4,3
6626c42a-9cbe-4d28-b851-917d4d3dfed7,Malware,87,15.100000000000001,GPT-4o,GPT-4o-mini,Qwen2.5 3b,Qwen2.5,7,6,3,4,1,2,4,3
66495e43-4941-420f-8f9f-df915862bc29,Malware,114,15.100000000000001,GPT-4o-mini,Qwen2.5 3b,GPT-4o,Qwen2.5,4,6,2,5,3,1,4,2
66860469-34c1-4a72-a4f7-888528d8918f,Malware,121,15.350000000000001,Qwen2.5,Qwen2.5 3b,GPT-4o-mini,GPT-4o,3,4,7,5,4,3,1,2
66b948e3-0ba6-4531-a5bb-1874bdc6f239,Malware,120,15.1,GPT-4o,GPT-4o-mini,Qwen2.5 3b,Qwen2.5,9,7,3,6,1,2,4,3
66cd5e8d-6b7b-41ae-a40c-0ee96940254b,Malware,1211,15.320000000000006,GPT-4o,GPT-4o-mini,Qwen2.5 3b,Qwen2.5,8,7,3,5,1,2,4,3
67327c47-752f-4205-ba11-a446faf4af7b,Malware,107,15.350000000000001,GPT-4o-mini,GPT-4o,Qwen2.5 3b,Qwen2.5,6,7,2,4,2,1,4,3
67d66bf4-8069-4d98-8fa4-21941b3626eb,Malware,2269,15.280000000000006,GPT-4o-mini,GPT-4o,Qwen2.5 3b,Qwen2.5,5,7,1,2,2,1,4,3
67d70f8d-8836-4bb6-94de-56e4721525ff,Malware,5267,15.520000000000005,GPT-4o-mini,Qwen2.5,Qwen2.5 3b,GPT-4o,1,6,3,2,4,1,2,3
6836e53e-ec9e-457c-aeaa-ef151c5f2e9e,Malware,94,15.1,GPT-4o-mini,GPT-4o,Qwen2.5,Qwen2.5 3b,7,8,5,3,2,1,3,4
68a20083-715f-4c81-ba11-5ba608402028,Malware,612,15.720000000000006,GPT-4o,GPT-4o-mini,Qwen2.5 3b,Qwen2.5,7,6,2,4,1,2,4,3
68ce29ee-569c-4551-a625-b23b689a104d,Malware,3529,15.360000000000003,GPT-4o-mini,Qwen2.5 3b,Qwen2.5,GPT-4o,1,7,3,4,4,1,3,2
697e051a-e6b1-4e9a-b609-6aec8fa59e4f,Malware,75,15.35,Qwen2.5 3b,GPT-4o,GPT-4o-mini,Qwen2.5,6,5,3,7,2,3,4,1
69b72ebc-0122-43c8-b973-4cd22a921b10,Malware,127,15.400000000000002,GPT-4o,GPT-4o-mini,Qwen2.5 3b,Qwen2.5,7,6,2,5,1,2,4,3
6ae60a0e-140f-45ad-8887-3820e9fd49f0,Malware,62,15.25,GPT-4o-mini,GPT-4o,Qwen2.5 3b,Qwen2.5,6,7,3,4,2,1,4,3
6ba0ec48-64d9-48b0-b086-13068958bf0a,Malware,133,15.15,GPT-4o,GPT-4o-mini,Qwen2.5,Qwen2.5 3b,8,6,5,3,1,2,3,4
6baeec40-6264-40ff-9899-c1405c206245,Malware,135,15.25,GPT-4o-mini,GPT-4o,Qwen2.5 3b,Qwen2.5,7,7,4,6,2,1,4,3
6baf0994-a095-4a6f-b978-5ef1f21574af,Malware,4272,15.680000000000007,GPT-4o-mini,GPT-4o,Qwen2.5,Qwen2.5 3b,7,8,3,2,2,1,3,4
6bb57c7c-9fac-49fa-8626-b4fb5e78d22d,Malware,116,15.100000000000001,GPT-4o-mini,GPT-4o,Qwen2.5,Qwen2.5 3b,6,7,5,3,2,1,3,4
6bc6152c-50e5-49c1-ba33-94a7af4ed551,Malware,6951,15.280000000000006,GPT-4o,GPT-4o-mini,Qwen2.5,Qwen2.5 3b,7,6,2,1,1,2,3,4
6d02d4c7-0b39-49cc-b412-390273467e52,Malware,105,15.650000000000002,Qwen2.5 3b,Qwen2.5,GPT-4o-mini,GPT-4o,1,4,5,7,4,3,2,1
6d8fd038-3ca1-4577-a968-8d90c43ec02a,Malware,32,15.0,GPT-4o-mini,Qwen2.5 3b,Qwen2.5,GPT-4o,1,7,4,5,4,1,3,2
6d939c33-9b38-44a1-a4c3-9784db1b3161,Malware,98,15.100000000000001,Qwen2.5 3b,GPT-4o-mini,Qwen2.5,GPT-4o,1,5,3,6,4,2,3,1
6dfaac6c-0a69-42ad-9b0e-a36de76b82a0,Malware,100,15.35,GPT-4o,GPT-4o-mini,Qwen2.5 3b,Qwen2.5,7,6,3,5,1,2,4,3
6e0ed975-0f9b-4aef-8622-a7e785b8b36a,Malware,67,15.100000000000001,Qwen2.5 3b,GPT-4o,GPT-4o-mini,Qwen2.5,5,4,2,7,2,3,4,1
6ea669a4-fcfe-42d4-8107-d7a841eacbe2,Malware,103,15.100000000000001,GPT-4o-mini,GPT-4o,Qwen2.5 3b,Qwen2.5,5,6,2,4,2,1,4,3
6fce0ef6-746f-4fa8-a2c2-c4b83b4d2d14,Malware,69,15.100000000000001,GPT-4o,GPT-4o-mini,Qwen2.5 3b,Qwen2.5,6,5,2,4,1,2,4,3
70394a09-0d77-4d99-b952-c5dcd70613d5,Malware,119,15.350000000000001,GPT-4o-mini,Qwen2.5 3b,Qwen2.5,GPT-4o,1,8,5,6,4,1,3,2
7065cf4f-03f5-461a-8fb1-3b7e34812ed3,Malware,5312,15.720000000000006,GPT-4o-mini,GPT-4o,Qwen2.5 3b,Qwen2.5,6,8,1,3,2,1,4,3
70a9c425-a12f-427a-b621-1a4ab89f628d,Malware,103,15.100000000000001,GPT-4o,GPT-4o-mini,Qwen2.5 3b,Qwen2.5,6,5,3,2,1,2,4,3
70fc4ec0-778b-4873-af91-0805e68dfeb0,Malware,137,15.400000000000002,GPT-4o-mini,Qwen2.5 3b,GPT-4o,Qwen2.5,4,7,3,5,3,1,4,2
711ec466-5a6e-4eb2-b337-df52575ca95a,Malware,261,15.000000000000004,Qwen2.5 3b,GPT-4o-mini,Qwen2.5,GPT-4o,1,5,3,6,4,2,3,1
7216abdc-c39b-4805-a20a-97c3782f0825,Malware,80,15.100000000000001,GPT-4o-mini,Qwen2.5 3b,GPT-4o,Qwen2.5,6,7,3,5,3,1,4,2
729c56c0-6547-4e93-97b9-20ce82240273,Malware,130,15.100000000000001,GPT-4o,GPT-4o-mini,Qwen2.5 3b,Qwen2.5,7,6,2,3,1,2,4,3
733a6224-0286-4edf-b880-d22e2486d5af,Malware,101,15.350000000000001,GPT-4o-mini,Qwen2.5 3b,Qwen2.5,GPT-4o,1,7,4,5,4,1,3,2
74035af8-148d-4574-89a9-10784691739f,Malware,102,15.100000000000001,GPT-4o,GPT-4o-mini,Qwen2.5 3b,Qwen2.5,8,6,2,5,1,2,4,3
759ce840-4670-41f2-8624-37e3152fd6e4,Malware,94,15.100000000000001,Qwen2.5 3b,GPT-4o-mini,Qwen2.5,GPT-4o,3,5,4,7,4,2,3,1
75bac4c3-77dc-418a-8da3-46e6b8c56953,Malware,106,15.350000000000001,GPT-4o,GPT-4o-mini,Qwen2.5 3b,Qwen2.5,7,5,3,4,1,2,4,3
75fdf982-1404-4905-92fe-e21433429b89,Malware,125,15.350000000000001,Qwen2.5 3b,Qwen2.5,GPT-4o-mini,GPT-4o,3,4,5,7,4,3,2,1
77ce3bc8-37bf-4851-98c6-e2d2d76b5415,Malware,118,15.350000000000001,GPT-4o,GPT-4o-mini,Qwen2.5 3b,Qwen2.5,7,6,3,4,1,2,4,3
77eb949c-3d6f-4b69-a90d-013bb1875025,Malware,1942,15.240000000000006,GPT-4o,GPT-4o-mini,Qwen2.5,Qwen2.5 3b,6,5,3,2,1,2,3,4
7885be05-ec46-4e48-8759-a6e275ee1a9d,Malware,4781,15.160000000000005,GPT-4o-mini,GPT-4o,Qwen2.5 3b,Qwen2.5,7,8,2,5,2,1,4,3
793a3f26-73b3-49b1-86c3-ac78fb19de70,Normal,58,15.499999999999993,GPT-4o-mini,GPT-4o,Qwen2.5,Qwen2.5 3b,6,7,3,2,2,1,3,4
795e8daa-a0d6-48ce-87b5-e0696cbe84bb,Malware,103,15.35,GPT-4o-mini,Qwen2.5 3b,Qwen2.5,GPT-4o,1,7,4,5,4,1,3,2
79fb5f38-b296-4179-818d-9adb544eff8d,Malware,110,15.100000000000001,GPT-4o-mini,GPT-4o,Qwen2.5,Qwen2.5 3b,6,7,4,3,2,1,3,4
7a3d75f2-a4f2-4261-82e5-d8a07f0d898d,Malware,6169,15.520000000000007,GPT-4o-mini,Qwen2.5 3b,GPT-4o,Qwen2.5,2,7,1,4,3,1,4,2
7b05da8f-a28c-4d64-b818-d750847c0ff0,Malware,5117,15.360000000000005,GPT-4o,GPT-4o-mini,Qwen2.5 3b,Qwen2.5,7,5,1,3,1,2,4,3
7b7819a9-590c-4964-852f-c623ae28d4c6,Malware,118,15.100000000000001,Qwen2.5 3b,GPT-4o-mini,GPT-4o,Qwen2.5,3,4,2,5,3,2,4,1
7b83e398-6874-4656-8f6a-f201950bc21d,Malware,2996,15.680000000000007,GPT-4o,GPT-4o-mini,Qwen2.5,Qwen2.5 3b,8,6,4,2,1,2,3,4
7b8984ed-c03b-4088-8fa1-205a13bb504a,Malware,32,15.100000000000001,Qwen2.5 3b,GPT-4o,GPT-4o-mini,Qwen2.5,5,4,2,6,2,3,4,1
7ba035b9-9bd1-4eb1-90d7-43807a65e14b,Malware,103,15.35,Qwen2.5 3b,GPT-4o,GPT-4o-mini,Qwen2.5,5,4,2,6,2,3,4,1
7c3269f5-74a3-43b7-85f4-958e41f9844d,Malware,2358,15.200000000000006,GPT-4o,GPT-4o-mini,Qwen2.5 3b,Qwen2.5,9,7,2,4,1,2,4,3
7cc8f5a0-5b30-4350-b6a9-5ac9a610af31,Malware,93,15.100000000000001,GPT-4o,GPT-4o-mini,Qwen2.5,Qwen2.5 3b,7,6,4,2,1,2,3,4
7dc0e1ba-b7ae-4013-963d-858bdb61b378,Malware,35,15.1,GPT-4o-mini,GPT-4o,Qwen2.5 3b,Qwen2.5,5,7,2,4,2,1,4,3
7e976a37-1b9e-48ee-a9fd-113d1334d8f0,Malware,109,15.100000000000001,GPT-4o,GPT-4o-mini,Qwen2.5 3b,Qwen2.5,7,6,3,5,1,2,4,3
7eab1c37-40a5-42bb-878c-9c07208fc638,Malware,34,15.1,GPT-4o,GPT-4o-mini,Qwen2.5 3b,Qwen2.5,7,6,2,4,1,2,4,3
7f80b9a3-c669-4426-98c6-b130cfb3b870,Malware,126,15.15,GPT-4o-mini,Qwen2.5 3b,Qwen2.5,GPT-4o,1,8,5,7,4,1,3,2
7f98f64c-efba-4729-b9e6-1ba3af4a9a5a,Malware,4994,15.120000000000005,GPT-4o-mini,GPT-4o,Qwen2.5 3b,Qwen2.5,7,8,1,3,2,1,4,3
7fc20ce2-662b-48e5-96fa-4a3a23784d00,Normal,30,15.3,GPT-4o,GPT-4o-mini,Qwen2.5,Qwen2.5 3b,8,7,4,2,1,2,3,4
801cfb89-de29-4741-9788-9720222a1481,Malware,1390,15.0,Qwen2.5 3b,GPT-4o-mini,GPT-4o,Qwen2.5,5,6,3,7,3,2,4,1
8098921e-6481-465f-846c-396bbcfd2016,Malware,27,15.36000000000001,GPT-4o,GPT-4o-mini,Qwen2.5 3b,Qwen2.5,8,6,2,4,1,2,4,3
80bd27b2-5c36-4ee8-a2d6-3b293a073d14,Malware,3863,15.500000000000007,GPT-4o-mini,GPT-4o,Qwen2.5 3b,Qwen2.5,6,7,2,4,2,1,4,3
8130246a-1c93-482e-a657-2d852a2d66fb,Malware,4952,15.560000000000006,GPT-4o-mini,GPT-4o,Qwen2.5 3b,Qwen2.5,4,5,2,3,2,1,4,3
81a7cdcc-42a8-4e61-90fb-434e672cb468,Malware,133,15.35,GPT-4o-mini,GPT-4o,Qwen2.5 3b,Qwen2.5,7,8,3,6,2,1,4,3
81c1a41d-1af3-4d20-9c27-78f23fe9fc91,Malware,145,15.150000000000002,GPT-4o,Qwen2.5 3b,GPT-4o-mini,Qwen2.5,8,5,2,6,1,3,4,2
81c59ce1-a473-4695-93bb-4bd790be566a,Malware,113,15.100000000000001,GPT-4o-mini,GPT-4o,Qwen2.5,Qwen2.5 3b,6,7,4,2,2,1,3,4
828f5568-f938-4e37-9807-1c9bf650d511,Malware,5564,15.520000000000007,GPT-4o-mini,GPT-4o,Qwen2.5,Qwen2.5 3b,7,8,4,2,2,1,3,4
82a27bc8-daf8-446a-8acf-7b361bbb3923,Malware,4432,15.000000000000005,GPT-4o,GPT-4o-mini,Qwen2.5 3b,Qwen2.5,7,6,1,3,1,2,4,3
835337dd-c6da-4315-a51f-3c6ba22f0eff,Malware,3914,15.320000000000006,GPT-4o,GPT-4o-mini,Qwen2.5 3b,Qwen2.5,8,6,2,3,1,2,4,3
84350953-88bb-4b66-b216-aa352f348494,Malware,110,15.100000000000001,GPT-4o,GPT-4o-mini,Qwen2.5 3b,Qwen2.5,7,6,4,5,1,2,4,3
84362fa0-3bf8-474f-99a3-9e728bc4c9e3,Malware,108,15.100000000000001,GPT-4o,GPT-4o-mini,Qwen2.5 3b,Qwen2.5,6,5,3,4,1,2,4,3
8443da40-31c1-475d-8504-ea06b1f96810,Malware,474,15.480000000000004,GPT-4o-mini,GPT-4o,Qwen2.5,Qwen2.5 3b,6,7,5,3,2,1,3,4
8544f800-d585-46dd-95af-40d5928923c2,Malware,99,15.100000000000001,Qwen2.5,GPT-4o-mini,GPT-4o,Qwen2.5 3b,4,5,7,3,3,2,1,4
8616461f-18e7-4786-9cd9-a77ad48afa67,Malware,133,15.15,Qwen2.5 3b,GPT-4o-mini,GPT-4o,Qwen2.5,5,6,2,7,3,2,4,1
86e298a4-24d8-4c00-8cb5-e815cf99ca92,Malware,94,15.100000000000001,Qwen2.5 3b,GPT-4o,GPT-4o-mini,Qwen2.5,5,4,2,7,2,3,4,1
874fee52-861d-4c76-a4f8-847da1627150,Malware,104,15.1,GPT-4o-mini,GPT-4o,Qwen2.5 3b,Qwen2.5,4,5,2,3,2,1,4,3
878351ee-8ffc-4bf6-ba68-0cafb6c6fae3,Normal,166,15.200000000000005,Qwen2.5,GPT-4o-mini,GPT-4o,Qwen2.5 3b,3,4,5,2,3,2,1,4
87859fd4-ea74-4cc9-8c77-90702e386054,Malware,39,15.100000000000001,GPT-4o,GPT-4o-mini,Qwen2.5 3b,Qwen2.5,7,6,2,5,1,2,4,3
88623784-96e5-41d1-9dd0-dbc6bd3cc3b2,Malware,118,15.100000000000001,GPT-4o,GPT-4o-mini,Qwen2.5 3b,Qwen2.5,7,6,3,5,1,2,4,3
8a54b8d3-946e-4635-b869-378c62c98c2a,Malware,32,15.350000000000001,GPT-4o-mini,Qwen2.5 3b,Qwen2.5,GPT-4o,1,6,4,5,4,1,3,2
8a6c42de-5708-4a4d-a9e7-228e09727613,Malware,106,15.650000000000002,Qwen2.5 3b,GPT-4o-mini,GPT-4o,Qwen2.5,4,5,2,6,3,2,4,1
8adc7f48-93ee-4e83-8d1b-d5d90ec1f2ac,Malware,5923,15.360000000000005,GPT-4o-mini,GPT-4o,Qwen2.5 3b,Qwen2.5,7,8,2,3,2,1,4,3
8ba8acbe-9a79-4507-b687-87b85dd8de17,Malware,2214,15.080000000000005,GPT-4o,GPT-4o-mini,Qwen2.5 3b,Qwen2.5,7,6,2,5,1,2,4,3
8bded7cf-0a51-4d08-b35b-610d11630c9d,Malware,107,15.100000000000001,Qwen2.5 3b,GPT-4o,GPT-4o-mini,Qwen2.5,5,4,2,7,2,3,4,1
8c11be3a-7c02-48d2-b411-f74f9e642859,Malware,4385,15.120000000000006,GPT-4o-mini,GPT-4o,Qwen2.5 3b,Qwen2.5,7,8,2,4,2,1,4,3
8ce47029-b7a2-45d0-a148-73fbfed1af73,Malware,91,15.1,Qwen2.5 3b,GPT-4o-mini,GPT-4o,Qwen2.5,4,5,2,7,3,2,4,1
8cf9d53d-5fb8-46e8-8577-f8a9d88f2107,Malware,107,15.1,Qwen2.5 3b,GPT-4o-mini,GPT-4o,Qwen2.5,4,6,2,7,3,2,4,1
8eab25bf-6199-43c7-a9c4-d23f58930554,Malware,4012,15.280000000000005,GPT-4o-mini,GPT-4o,Qwen2.5 3b,Qwen2.5,7,8,2,5,2,1,4,3
8eab9d18-ca05-44e2-998e-85ed3fd07257,Malware,32,15.350000000000001,GPT-4o,Qwen2.5 3b,GPT-4o-mini,Qwen2.5,8,5,3,7,1,3,4,2
8f9c9801-4015-4129-9216-2f959dd52db2,Malware,41,15.100000000000001,Qwen2.5 3b,GPT-4o-mini,GPT-4o,Qwen2.5,4,5,2,7,3,2,4,1
8fd8d70c-4953-48d6-afe3-5d8002bc7e69,Malware,24,15.36000000000001,Qwen2.5 3b,GPT-4o-mini,GPT-4o,Qwen2.5,4,6,3,8,3,2,4,1
90259357-d22b-4763-9a27-92c11c6a3e53,Malware,750,15.100000000000001,GPT-4o,GPT-4o-mini,Qwen2.5,Qwen2.5 3b,8,6,4,2,1,2,3,4
90676dcb-19b4-471a-bdc6-8cb4f734aaa5,Malware,108,15.1,Qwen2.5 3b,GPT-4o,GPT-4o-mini,Qwen2.5,5,4,2,6,2,3,4,1
908aa595-c563-4fd5-b6de-5b55ae372468,Malware,111,15.100000000000001,GPT-4o-mini,GPT-4o,Qwen2.5 3b,Qwen2.5,6,7,2,4,2,1,4,3
90d51cf3-1266-424c-8b5d-64f4208e3db7,Malware,108,15.100000000000001,Qwen2.5 3b,Qwen2.5,GPT-4o-mini,GPT-4o,4,5,6,7,4,3,2,1
91684d9f-7746-451a-a059-d2862ffcab96,Malware,4974,15.200000000000006,GPT-4o,GPT-4o-mini,Qwen2.5 3b,Qwen2.5,6,5,1,2,1,2,4,3
91be852a-1180-4b5d-8ae4-b0442785034c,Malware,6470,15.720000000000006,GPT-4o-mini,GPT-4o,Qwen2.5 3b,Qwen2.5,6,7,2,4,2,1,4,3
91d171dd-83a1-4fa6-ac1c-0aaa7ea0777b,Normal,29,15.100000000000001,Qwen2.5 3b,GPT-4o-mini,GPT-4o,Qwen2.5,4,5,2,6,3,2,4,1
91e869f9-e1a3-4092-b3da-e1f5ba8c4076,Malware,124,15.25,Qwen2.5 3b,GPT-4o-mini,GPT-4o,Qwen2.5,5,7,2,8,3,2,4,1
923f567f-00b4-4641-a1ad-4dd48be42f21,Malware,261,15.200000000000005,Qwen2.5 3b,GPT-4o,GPT-4o-mini,Qwen2.5,7,6,3,8,2,3,4,1
92905751-8098-4f3f-977b-399d0acb1aa5,Malware,215,15.080000000000005,GPT-4o-mini,Qwen2.5 3b,GPT-4o,Qwen2.5,5,7,2,6,3,1,4,2
9332d913-40ee-400a-8b95-f07a83c7f55c,Malware,2947,15.160000000000005,GPT-4o,GPT-4o-mini,Qwen2.5 3b,Qwen2.5,8,6,2,3,1,2,4,3
93db351b-bfb1-4eff-9c6a-65e4df7e630c,Normal,1402,15.200000000000008,GPT-4o,GPT-4o-mini,Qwen2.5 3b,Qwen2.5,8,6,3,4,1,2,4,3
94aa2f54-68b8-464e-8f88-bea8a2f065c8,Malware,145,15.150000000000002,GPT-4o,GPT-4o-mini,Qwen2.5 3b,Qwen2.5,6,5,2,4,1,2,4,3
9594d3ea-5e98-4afd-8498-f308a0efae0c,Malware,62,15.100000000000001,GPT-4o-mini,Qwen2.5,Qwen2.5 3b,GPT-4o,1,6,5,4,4,1,2,3
95dd654e-84d1-47c0-a236-2d23e32ea6ea,Malware,87,15.100000000000001,GPT-4o,GPT-4o-mini,Qwen2.5 3b,Qwen2.5,7,6,2,4,1,2,4,3
95f582f2-da1b-450f-abe9-956edd19bd02,Malware,3190,15.560000000000006,GPT-4o,GPT-4o-mini,Qwen2.5 3b,Qwen2.5,6,5,2,4,1,2,4,3
96314c61-1e25-427e-83ca-773c573def92,Malware,2743,15.480000000000004,GPT-4o,GPT-4o-mini,Qwen2.5 3b,Qwen2.5,7,6,2,4,1,2,4,3
9672e9b1-7177-428c-8145-abdf2b5aea0e,Malware,4675,15.120000000000005,GPT-4o-mini,GPT-4o,Qwen2.5 3b,Qwen2.5,5,7,2,3,2,1,4,3
96b2b890-8e6d-458a-9217-71cfff0ef1c5,Malware,24,15.36000000000001,GPT-4o-mini,GPT-4o,Qwen2.5 3b,Qwen2.5,5,6,2,3,2,1,4,3
96f1afba-f5ef-4484-b2fa-ad1c3ed0c40c,Malware,5950,15.720000000000006,GPT-4o-mini,GPT-4o,Qwen2.5 3b,Qwen2.5,6,8,2,4,2,1,4,3
979f09e5-cbb5-4221-8ca0-923e62858768,Malware,1216,15.240000000000004,GPT-4o-mini,GPT-4o,Qwen2.5 3b,Qwen2.5,6,7,2,4,2,1,4,3
994a0ee4-8260-460f-9e1d-ce2b1773d3ad,Malware,2021,15.000000000000005,GPT-4o-mini,Qwen2.5,Qwen2.5 3b,GPT-4o,1,8,5,3,4,1,2,3
99a51d97-3309-4d23-a10a-1e5a43fe79da,Malware,102,15.1,Qwen2.5 3b,GPT-4o-mini,GPT-4o,Qwen2.5,4,5,3,7,3,2,4,1
9b965037-9f34-4bb8-abd1-14348350a50a,Malware,74,15.100000000000001,GPT-4o,GPT-4o-mini,Qwen2.5 3b,Qwen2.5,8,6,4,5,1,2,4,3
9bcb9d22-f168-4f85-8d2c-20d33507a374,Malware,3302,15.360000000000005,GPT-4o-mini,GPT-4o,Qwen2.5 3b,Qwen2.5,6,7,2,4,2,1,4,3
9c4cf28b-6496-4ab0-9033-b6155278ab21,Malware,109,15.100000000000001,GPT-4o-mini,GPT-4o,Qwen2.5 3b,Qwen2.5,6,7,2,4,2,1,4,3
9d72be79-a4d1-4d8f-828f-b9f57caca44e,Malware,110,15.100000000000001,GPT-4o-mini,Qwen2.5 3b,GPT-4o,Qwen2.5,6,8,4,7,3,1,4,2
9e55d51b-ecf0-46f9-8aa8-ca8e80c7b21e,Malware,616,15.000000000000005,GPT-4o-mini,Qwen2.5 3b,Qwen2.5,GPT-4o,1,8,4,5,4,1,3,2
9ebbbbbc-8635-400f-bc9a-14826ceb9eaa,Malware,4571,15.160000000000004,GPT-4o-mini,GPT-4o,Qwen2.5,Qwen2.5 3b,5,6,3,2,2,1,3,4
9f974600-3f1c-4cd9-bad4-7fe2da821f1e,Malware,6021,15.480000000000006,GPT-4o,GPT-4o-mini,Qwen2.5 3b,Qwen2.5,8,7,2,4,1,2,4,3
9fcdd530-e799-41d4-9739-1f72c9609623,Normal,559,15.200000000000008,GPT-4o,GPT-4o-mini,Qwen2.5 3b,Qwen2.5,7,5,2,4,1,2,4,3
a05184cb-ff3e-40bc-a921-2b4b4f3d00bf,Malware,24,15.36000000000001,GPT-4o-mini,GPT-4o,Qwen2.5 3b,Qwen2.5,6,9,2,4,2,1,4,3
a144c54f-4f52-4dcd-a555-74e79ef27f7e,Malware,106,15.100000000000001,GPT-4o,GPT-4o-mini,Qwen2.5 3b,Qwen2.5,5,4,2,3,1,2,4,3
a1c25998-77df-456a-bcfc-0bc1632b7598,Malware,4290,15.720000000000006,GPT-4o-mini,Qwen2.5 3b,Qwen2.5,GPT-4o,1,8,2,5,4,1,3,2
a1d37f98-a126-49fe-b390-a2a73b742002,Malware,103,15.1,Qwen2.5 3b,GPT-4o-mini,Qwen2.5,GPT-4o,1,5,3,6,4,2,3,1
a1dee182-7e66-4303-b9bf-07580e2ac6c0,Malware,103,15.35,GPT-4o,GPT-4o-mini,Qwen2.5 3b,Qwen2.5,7,5,2,4,1,2,4,3
a2f93e82-824f-4aee-b635-e7ebbce5348c,Malware,48,15.350000000000001,GPT-4o-mini,GPT-4o,Qwen2.5 3b,Qwen2.5,5,6,2,4,2,1,4,3
a33b521d-eea2-46f2-bb7d-163aecb190b2,Malware,99,15.1,GPT-4o,GPT-4o-mini,Qwen2.5 3b,Qwen2.5,8,7,3,5,1,2,4,3
a37bc7ff-854b-49ac-ab11-7cf59b998880,Malware,118,15.350000000000001,GPT-4o-mini,GPT-4o,Qwen2.5 3b,Qwen2.5,6,7,1,2,2,1,4,3
a51fedac-40cd-43c9-9611-c7767957baa0,Malware,120,15.350000000000001,GPT-4o-mini,GPT-4o,Qwen2.5 3b,Qwen2.5,6,7,2,4,2,1,4,3
a55c18f7-2fe8-4791-984b-7a7c9c5d49bb,Malware,4676,15.080000000000004,GPT-4o,GPT-4o-mini,Qwen2.5 3b,Qwen2.5,7,6,2,4,1,2,4,3
a5d1376b-c074-44bb-bf55-c3986dfee16a,Malware,98,15.100000000000001,GPT-4o,GPT-4o-mini,Qwen2.5 3b,Qwen2.5,5,4,1,3,1,2,4,3
a6b9d0e6-9a3b-4cc6-a7dc-de9ada1164eb,Malware,3291,15.279999999999998,GPT-4o-mini,GPT-4o,Qwen2.5 3b,Qwen2.5,6,8,2,4,2,1,4,3
a6c379e6-34eb-4e46-9829-47f1f7334f7f,Malware,194,15.0,GPT-4o,GPT-4o-mini,Qwen2.5 3b,Qwen2.5,8,7,3,5,1,2,4,3
a924f57f-b4d9-43f0-9e40-b18c38fe64ad,Malware,120,15.350000000000001,Qwen2.5 3b,GPT-4o,GPT-4o-mini,Qwen2.5,6,5,2,8,2,3,4,1
a991b910-f0f9-4ef9-ac66-647626ac4476,Malware,1365,15.360000000000007,GPT-4o-mini,GPT-4o,Qwen2.5 3b,Qwen2.5,7,8,3,5,2,1,4,3
a99b086d-d328-49f8-ad52-1eadf83b62ec,Malware,32,15.05,GPT-4o-mini,GPT-4o,Qwen2.5,Qwen2.5 3b,5,7,4,2,2,1,3,4
aa2606a2-6077-4a87-b871-a02d555b9f45,Malware,31,15.35,GPT-4o,GPT-4o-mini,Qwen2.5,Qwen2.5 3b,7,6,3,1,1,2,3,4
aaca0f9c-ed14-4fe1-bb6d-270f9a7a28e5,Malware,3275,15.120000000000005,GPT-4o,GPT-4o-mini,Qwen2.5 3b,Qwen2.5,7,6,2,5,1,2,4,3
aaf7cd66-d49c-4c19-8243-0191bf2c071b,Malware,7162,15.640000000000004,GPT-4o-mini,GPT-4o,Qwen2.5 3b,Qwen2.5,7,8,1,3,2,1,4,3
ab7daa23-91a5-466d-89a6-a950f7162d87,Malware,84,15.350000000000001,GPT-4o,GPT-4o-mini,Qwen2.5 3b,Qwen2.5,8,6,2,5,1,2,4,3
abeaacd0-d9ad-45ec-b50c-4dc7997069ac,Malware,78,15.1,GPT-4o,GPT-4o-mini,Qwen2.5 3b,Qwen2.5,8,6,3,5,1,2,4,3
ac430ea5-2f4a-415a-88d0-98d2412626a7,Malware,4069,15.280000000000003,GPT-4o,GPT-4o-mini,Qwen2.5 3b,Qwen2.5,7,6,1,2,1,2,4,3
ac8fd0f1-d92a-4553-bc4e-6ad5504da43d,Malware,47,15.100000000000001,Qwen2.5 3b,GPT-4o,GPT-4o-mini,Qwen2.5,5,4,2,7,2,3,4,1
ad2a0a50-4b47-4ab9-ad57-7b2604172a10,Malware,113,15.350000000000001,GPT-4o,Qwen2.5 3b,GPT-4o-mini,Qwen2.5,8,5,2,7,1,3,4,2
ad424957-6070-4bdc-812e-2934823fc8c3,Normal,30,15.3,GPT-4o,GPT-4o-mini,Qwen2.5 3b,Qwen2.5,8,6,2,4,1,2,4,3
ad8f9dba-7b01-4f73-a208-399ffa7d865a,Malware,6656,15.560000000000006,GPT-4o,GPT-4o-mini,Qwen2.5 3b,Qwen2.5,7,5,2,3,1,2,4,3
add23978-a283-4f43-bf71-d594b2ddd46c,Malware,119,15.350000000000001,Qwen2.5 3b,GPT-4o-mini,GPT-4o,Qwen2.5,5,6,3,7,3,2,4,1
ae1192af-6aa7-4644-ba70-43f2a3309b60,Malware,82,15.100000000000001,GPT-4o,GPT-4o-mini,Qwen2.5 3b,Qwen2.5,6,5,2,4,1,2,4,3
ae4bbc1f-3834-4179-ba85-70e77c7867f3,Malware,98,15.1,Qwen2.5 3b,GPT-4o-mini,GPT-4o,Qwen2.5,4,5,3,7,3,2,4,1
aee498a8-4dbc-4e21-a447-7a0c9bdf28b8,Malware,5845,15.560000000000004,GPT-4o-mini,Qwen2.5 3b,Qwen2.5,GPT-4o,1,7,2,5,4,1,3,2
aefbb600-258e-4aa9-b779-708063ffc110,Malware,3206,15.120000000000003,GPT-4o-mini,GPT-4o,Qwen2.5 3b,Qwen2.5,6,8,2,4,2,1,4,3
af15c43c-340c-4705-90b2-f00043d108e9,Malware,105,15.100000000000001,GPT-4o,GPT-4o-mini,Qwen2.5,Qwen2.5 3b,8,5,4,2,1,2,3,4
af1dee52-eee6-4bca-92f1-668976d46201,Malware,110,15.100000000000001,Qwen2.5 3b,GPT-4o-mini,GPT-4o,Qwen2.5,4,5,3,7,3,2,4,1
af4273e0-2ca9-4f10-a37b-f1d4d9db51fc,Malware,926,15.3,GPT-4o,GPT-4o-mini,Qwen2.5,Qwen2.5 3b,7,5,4,2,1,2,3,4
af4ccc52-489a-4289-9752-3092fadcbe9b,Malware,291,15.0,GPT-4o,GPT-4o-mini,Qwen2.5,Qwen2.5 3b,8,7,5,4,1,2,3,4
af51d030-2c32-4e70-ad73-b43a70419d1d,Malware,3051,15.540000000000006,GPT-4o-mini,GPT-4o,Qwen2.5,Qwen2.5 3b,7,8,5,3,2,1,3,4
afb358ab-947f-4a0e-bb22-fe2d25f66e70,Malware,98,15.350000000000001,Qwen2.5 3b,GPT-4o,GPT-4o-mini,Qwen2.5,5,4,2,7,2,3,4,1
b02b354e-efeb-461c-b297-c3689c66c2b3,Malware,2054,15.040000000000006,GPT-4o,GPT-4o-mini,Qwen2.5 3b,Qwen2.5,8,7,2,4,1,2,4,3
b04cc35e-c29f-4597-9d64-4057cf77d951,Malware,2216,15.600000000000005,GPT-4o,GPT-4o-mini,Qwen2.5,Qwen2.5 3b,7,6,3,2,1,2,3,4
b0662e49-7719-4cf6-a84f-59d47f5c7158,Malware,516,15.320000000000004,GPT-4o-mini,Qwen2.5 3b,Qwen2.5,GPT-4o,1,7,2,5,4,1,3,2
b11c3f5b-2838-4b24-9eda-97e64da5f31f,Normal,1232,15.206000000000007,GPT-4o-mini,GPT-4o,Qwen2.5 3b,Qwen2.5,5,6,2,4,2,1,4,3
b12f0425-6f13-48b9-8f56-af94941546b4,Malware,97,15.350000000000001,GPT-4o-mini,Qwen2.5 3b,GPT-4o,Qwen2.5,5,7,3,6,3,1,4,2
b1411186-df83-444e-b8b4-208153bb24ec,Malware,715,15.400000000000006,GPT-4o-mini,GPT-4o,Qwen2.5 3b,Qwen2.5,7,8,2,4,2,1,4,3
b1d7503d-c4fe-4ec5-96da-c524189a5d12,Malware,97,15.100000000000001,Qwen2.5 3b,GPT-4o,GPT-4o-mini,Qwen2.5,5,4,3,7,2,3,4,1
b2907b4f-6132-4a8f-81f8-3d64871b7e87,Malware,117,15.100000000000001,Qwen2.5 3b,GPT-4o-mini,GPT-4o,Qwen2.5,4,5,2,6,3,2,4,1
b3f78190-d4ee-4fe7-a273-167b551ade2f,Malware,94,15.35,GPT-4o,Qwen2.5,GPT-4o-mini,Qwen2.5 3b,6,4,5,3,1,3,2,4
b4dbc5c1-e87a-4af0-a2d4-9197af003252,Malware,1699,15.160000000000005,GPT-4o-mini,Qwen2.5 3b,Qwen2.5,GPT-4o,1,7,3,5,4,1,3,2
b52d0260-2b3b-4e6a-a2d8-dd8bd53d2942,Normal,59,15.0,GPT-4o,GPT-4o-mini,Qwen2.5 3b,Qwen2.5,7,6,3,4,1,2,4,3
b52e0384-e2c5-4bce-9c27-9554a49117a7,Malware,31,15.100000000000001,GPT-4o,GPT-4o-mini,Qwen2.5,Qwen2.5 3b,7,6,4,2,1,2,3,4
b537b608-2df2-4af6-ba13-349981ab8cb5,Malware,2531,15.120000000000005,GPT-4o,GPT-4o-mini,Qwen2.5 3b,Qwen2.5,4,3,1,2,1,2,4,3
b540711c-23db-4562-a2f9-79d3bca45738,Malware,122,15.35,GPT-4o-mini,GPT-4o,Qwen2.5 3b,Qwen2.5,7,8,3,6,2,1,4,3
b5dc6453-a31e-4820-b39b-559c5a7f1a97,Malware,5244,15.680000000000007,GPT-4o-mini,GPT-4o,Qwen2.5,Qwen2.5 3b,7,8,3,2,2,1,3,4
b617474d-de53-4273-8ded-d529fbb8cb4c,Malware,173,15.25,GPT-4o-mini,GPT-4o,Qwen2.5,Qwen2.5 3b,5,6,4,3,2,1,3,4
b6bb50d2-e5a4-4ec5-aad1-68b6e5247f28,Malware,104,15.350000000000001,GPT-4o,GPT-4o-mini,Qwen2.5,Qwen2.5 3b,7,5,3,2,1,2,3,4
b735dd59-2d67-41b4-9d77-6e27f7579614,Malware,3479,15.040000000000006,GPT-4o-mini,GPT-4o,Qwen2.5,Qwen2.5 3b,5,6,3,2,2,1,3,4
b743c86c-3677-4c24-ad04-bd7c565f1736,Malware,119,15.100000000000001,Qwen2.5 3b,GPT-4o,GPT-4o-mini,Qwen2.5,6,5,2,7,2,3,4,1
b775fe33-ee3e-4f4b-a945-d4220d27c5ef,Malware,56,15.4,GPT-4o,GPT-4o-mini,Qwen2.5 3b,Qwen2.5,7,5,3,4,1,2,4,3
b89b5aef-2860-4ba6-81fc-3fafcdfee12e,Malware,2230,15.560000000000008,GPT-4o-mini,Qwen2.5 3b,GPT-4o,Qwen2.5,5,8,2,6,3,1,4,2
b89dce4b-059f-49c5-a554-a3fbf785612c,Malware,33,15.0,GPT-4o-mini,GPT-4o,Qwen2.5,Qwen2.5 3b,6,7,5,3,2,1,3,4
b8baee80-3498-4607-8a9c-ea84c9cd2349,Malware,107,15.100000000000001,GPT-4o-mini,Qwen2.5 3b,Qwen2.5,GPT-4o,1,8,3,5,4,1,3,2
b8f337d2-6539-443e-b78c-dfd39eb8e80f,Malware,24,15.36000000000001,GPT-4o-mini,Qwen2.5 3b,GPT-4o,Qwen2.5,5,7,2,6,3,1,4,2
b9bb38f7-300a-4e86-aa8e-f29d542fe4b6,Malware,2888,15.080000000000004,GPT-4o,GPT-4o-mini,Qwen2.5 3b,Qwen2.5,8,6,3,4,1,2,4,3
bad9f7c5-77a0-45e9-9fbd-ceb264ea67ee,Malware,32,15.25,GPT-4o,GPT-4o-mini,Qwen2.5,Qwen2.5 3b,8,6,3,2,1,2,3,4
bb393f84-59fe-4282-9ae4-cec0821f34db,Malware,110,15.1,GPT-4o-mini,GPT-4o,Qwen2.5 3b,Qwen2.5,7,8,3,5,2,1,4,3
bb9ccd67-99cd-4084-a9a6-2f8a416f9e83,Malware,125,15.350000000000001,GPT-4o,GPT-4o-mini,Qwen2.5 3b,Qwen2.5,7,6,3,4,1,2,4,3
bbacb28c-bfc1-4361-abca-06d8804830db,Malware,106,15.35,GPT-4o,GPT-4o-mini,Qwen2.5 3b,Qwen2.5,7,6,3,5,1,2,4,3
bbdb68aa-9fe6-484b-b351-37f847b16852,Malware,2407,15.640000000000006,GPT-4o-mini,GPT-4o,Qwen2.5 3b,Qwen2.5,7,8,2,4,2,1,4,3
bbf8ca9e-963a-428d-aa6b-9aa3efe2f527,Malware,101,15.1,GPT-4o,GPT-4o-mini,Qwen2.5 3b,Qwen2.5,9,8,2,5,1,2,4,3
bc198313-94a2-4e42-9feb-7c383e36c83b,Malware,223,15.040000000000004,Qwen2.5 3b,GPT-4o-mini,GPT-4o,Qwen2.5,5,6,4,7,3,2,4,1
bd13bba7-7662-4278-b175-e26d2ab3ffe4,Malware,98,15.100000000000001,GPT-4o-mini,GPT-4o,Qwen2.5 3b,Qwen2.5,5,7,2,4,2,1,4,3
bd1407ef-d65a-4a9b-94a2-b5d2cfc78d41,Malware,24,15.36000000000001,Qwen2.5 3b,GPT-4o-mini,GPT-4o,Qwen2.5,3,5,2,7,3,2,4,1
bd59a5df-bcf0-4ac7-85c5-32b4bfc79088,Malware,1532,15.600000000000005,GPT-4o,GPT-4o-mini,Qwen2.5,Qwen2.5 3b,7,6,5,4,1,2,3,4
bdf610b0-b8a4-41eb-86b6-c9c7f5655b62,Normal,31,15.3,GPT-4o-mini,Qwen2.5 3b,Qwen2.5,GPT-4o,1,6,2,4,4,1,3,2
bea2a0d7-8879-4ab0-8a38-288635c22c33,Malware,3964,15.680000000000007,GPT-4o,GPT-4o-mini,Qwen2.5 3b,Qwen2.5,7,6,1,3,1,2,4,3
bf2e7a02-5f98-48af-8b0d-159cbc6b823d,Malware,6798,15.080000000000005,GPT-4o,GPT-4o-mini,Qwen2.5 3b,Qwen2.5,8,7,2,5,1,2,4,3
bf3cac5c-d39a-4a53-b2ef-db149603e687,Malware,101,15.100000000000001,GPT-4o-mini,GPT-4o,Qwen2.5 3b,Qwen2.5,5,6,2,3,2,1,4,3
bfa89553-831c-48f2-8745-e1e10a8204c2,Malware,70,15.100000000000001,GPT-4o-mini,Qwen2.5 3b,Qwen2.5,GPT-4o,1,5,3,4,4,1,3,2
bfb39f87-f4c4-4631-be62-e4af6c91b23e,Malware,5893,15.160000000000005,GPT-4o-mini,GPT-4o,Qwen2.5 3b,Qwen2.5,7,8,1,3,2,1,4,3
c012d33a-c056-4f54-913a-6835a87a23cd,Malware,117,15.350000000000001,GPT-4o,GPT-4o-mini,Qwen2.5,Qwen2.5 3b,6,5,3,1,1,2,3,4
c07638af-5db3-4990-b75d-89a6a09524b9,Malware,4248,15.320000000000006,GPT-4o,GPT-4o-mini,Qwen2.5 3b,Qwen2.5,7,5,1,3,1,2,4,3
c18dcee2-efd8-487b-803d-01a4ea534d99,Malware,108,15.350000000000001,GPT-4o,GPT-4o-mini,Qwen2.5,Qwen2.5 3b,7,6,3,2,1,2,3,4
c216b8d0-1a5d-4c89-bde1-b17cba4044ad,Malware,6163,15.680000000000005,GPT-4o,GPT-4o-mini,Qwen2.5,Qwen2.5 3b,7,6,4,3,1,2,3,4
c23bf87e-e04a-4651-b244-3e539e8753eb,Malware,1585,15.120000000000005,GPT-4o,GPT-4o-mini,Qwen2.5 3b,Qwen2.5,6,5,2,3,1,2,4,3
c29b1e6e-adb4-46bd-b4cc-f0b597813abc,Malware,31,15.100000000000001,GPT-4o-mini,Qwen2.5 3b,Qwen2.5,GPT-4o,1,7,3,5,4,1,3,2
c2c736dd-1d5c-41fb-95ab-6985fb75a442,Malware,58,15.1,GPT-4o-mini,GPT-4o,Qwen2.5 3b,Qwen2.5,5,6,3,4,2,1,4,3
c3e68e76-b677-41b1-a5bd-feee09f84f6d,Malware,107,15.100000000000001,GPT-4o-mini,Qwen2.5,GPT-4o,Qwen2.5 3b,5,7,6,3,3,1,2,4
c446c07b-9345-4fed-8e4c-54b9b2944182,Malware,6922,15.120000000000006,GPT-4o-mini,Qwen2.5 3b,Qwen2.5,GPT-4o,1,6,2,3,4,1,3,2
c5779919-7745-46cd-95a5-09a46f4f2231,Malware,108,15.100000000000001,GPT-4o,GPT-4o-mini,Qwen2.5 3b,Qwen2.5,8,6,3,4,1,2,4,3
c68496de-92d8-40e6-9e8d-86223681feb5,Malware,1015,15.280000000000005,GPT-4o-mini,Qwen2.5,GPT-4o,Qwen2.5 3b,1,7,5,2,3,1,2,4
c6f77f1e-46ce-4106-a814-990ef8429bcb,Malware,3150,15.080000000000005,GPT-4o,GPT-4o-mini,Qwen2.5 3b,Qwen2.5,7,6,2,4,1,2,4,3
c723d2d8-564d-4f5a-a8e7-197b1b24e20f,Malware,122,15.35,GPT-4o,GPT-4o-mini,Qwen2.5 3b,Qwen2.5,9,7,4,5,1,2,4,3
c73debdf-b9b8-4837-a0f6-ba04b4775634,Malware,6193,15.120000000000006,GPT-4o-mini,GPT-4o,Qwen2.5 3b,Qwen2.5,7,8,2,3,2,1,4,3
c8603e80-5994-4a11-bf11-29b3a0431834,Malware,116,15.100000000000001,Qwen2.5 3b,GPT-4o,Qwen2.5,GPT-4o-mini,5,3,4,6,2,4,3,1
c90c038f-c5d3-4dc3-aacf-7a48b61b89ce,Malware,86,15.350000000000001,GPT-4o-mini,GPT-4o,Qwen2.5 3b,Qwen2.5,7,8,3,5,2,1,4,3
c9706a42-8585-4fa8-81c1-a20e6c34232d,Malware,4601,15.440000000000005,GPT-4o,GPT-4o-mini,Qwen2.5 3b,Qwen2.5,3,2,1,1,1,2,4,3
c9b49858-c31f-495f-90ce-444c75853db1,Malware,3584,15.680000000000007,GPT-4o,GPT-4o-mini,Qwen2.5,Qwen2.5 3b,7,6,2,1,1,2,3,4
c9e1aee0-e71e-4a73-a5e7-73c2fae815f5,Malware,5731,15.040000000000006,GPT-4o,GPT-4o-mini,Qwen2.5 3b,Qwen2.5,8,6,2,3,1,2,4,3
cad82d79-9f77-44d4-a87b-aa475e5651e1,Malware,7013,15.600000000000005,GPT-4o,GPT-4o-mini,Qwen2.5,Qwen2.5 3b,6,5,2,1,1,2,3,4
cb12a5df-d016-49b2-bc75-89903fc13d28,Malware,136,15.15,GPT-4o-mini,Qwen2.5 3b,Qwen2.5,GPT-4o,1,8,3,6,4,1,3,2
cb661e9e-004a-4329-8ce1-b0d96889ac5e,Malware,4956,15.760000000000005,GPT-4o-mini,GPT-4o,Qwen2.5 3b,Qwen2.5,5,7,2,3,2,1,4,3
cb89f784-3dfb-442b-b8e0-15f41645d1db,Malware,124,15.350000000000001,GPT-4o-mini,Qwen2.5,Qwen2.5 3b,GPT-4o,1,7,5,4,4,1,2,3
cb8e12e8-94b4-4581-97d4-630f779d3895,Malware,1961,15.760000000000007,GPT-4o-mini,GPT-4o,Qwen2.5 3b,Qwen2.5,6,9,2,5,2,1,4,3
cbe8cb48-f838-4b85-8df0-3d9712791f86,Malware,108,15.1,GPT-4o,GPT-4o-mini,Qwen2.5 3b,Qwen2.5,7,6,3,4,1,2,4,3
cc32819d-4e91-433b-8e42-00e9f522886a,Malware,124,15.350000000000001,GPT-4o,Qwen2.5,Qwen2.5 3b,GPT-4o-mini,6,3,5,4,1,4,2,3
cda92bf6-01a7-4fac-9aac-5b82975fe292,Malware,24,15.36000000000001,GPT-4o-mini,Qwen2.5 3b,GPT-4o,Qwen2.5,5,7,3,6,3,1,4,2
cdadfc33-c374-40d8-ae42-b70856452291,Malware,55,15.350000000000001,GPT-4o-mini,Qwen2.5,Qwen2.5 3b,GPT-4o,1,7,5,3,4,1,2,3
ce3d38d2-24a9-4332-8ba0-1c54c22c9198,Malware,113,15.350000000000001,Qwen2.5 3b,GPT-4o-mini,Qwen2.5,GPT-4o,1,6,4,8,4,2,3,1
ceec2882-4b58-4390-8cf2-d85dfe90e837,Malware,33,15.35,GPT-4o,GPT-4o-mini,Qwen2.5,Qwen2.5 3b,9,7,5,3,1,2,3,4
cf2be4e5-2202-4ffb-b2c6-e69890c0525c,Malware,263,15.200000000000003,Qwen2.5 3b,GPT-4o-mini,GPT-4o,Qwen2.5,5,6,2,8,3,2,4,1
cf5ca8be-2666-4570-ac78-d430f9d6ade7,Malware,3601,15.520000000000005,GPT-4o-mini,GPT-4o,Qwen2.5,Qwen2.5 3b,7,8,3,2,2,1,3,4
d034f05d-b20e-4dde-9c98-f1ace9757900,Malware,75,15.100000000000001,GPT-4o-mini,Qwen2.5 3b,Qwen2.5,GPT-4o,1,6,2,4,4,1,3,2
d03bd66c-094b-4d84-8e45-1b3fba56aae9,Malware,29,15.36000000000001,GPT-4o,GPT-4o-mini,Qwen2.5 3b,Qwen2.5,7,5,2,3,1,2,4,3
d0ffc94d-b924-4142-90f7-be2244c9b1ed,Malware,4570,15.360000000000007,GPT-4o,GPT-4o-mini,Qwen2.5 3b,Qwen2.5,7,6,2,3,1,2,4,3
d1a21ce0-56a8-476c-9659-b0369e60d178,Malware,31,15.100000000000001,GPT-4o-mini,Qwen2.5 3b,GPT-4o,Qwen2.5,5,7,2,6,3,1,4,2
d26b1da4-0d21-4d6e-9540-eb5871b0f4e6,Malware,6592,15.480000000000008,GPT-4o-mini,GPT-4o,Qwen2.5 3b,Qwen2.5,8,9,2,4,2,1,4,3
d2cca1e7-0dad-41a2-9e2b-7f86e803fd71,Malware,104,15.650000000000002,GPT-4o,GPT-4o-mini,Qwen2.5 3b,Qwen2.5,6,5,2,4,1,2,4,3
d2e1cb34-ce37-46f9-88e9-39f81503ed6b,Malware,58,15.350000000000001,GPT-4o-mini,GPT-4o,Qwen2.5 3b,Qwen2.5,6,7,4,5,2,1,4,3
d429b655-62f5-4802-9616-4b80d89c5f77,Malware,24,15.36000000000001,GPT-4o-mini,GPT-4o,Qwen2.5 3b,Qwen2.5,7,8,2,5,2,1,4,3
d495f4f6-1d6a-43d5-9fe8-09d20682813d,Malware,27,15.36000000000001,GPT-4o,GPT-4o-mini,Qwen2.5 3b,Qwen2.5,8,7,2,5,1,2,4,3
d49d7196-e753-4724-8d1f-e65b60873768,Malware,1752,15.0,GPT-4o-mini,Qwen2.5,Qwen2.5 3b,GPT-4o,1,5,4,3,4,1,2,3
d4b16aef-bc22-46d5-bf72-36a292017386,Malware,1766,15.280000000000006,GPT-4o,GPT-4o-mini,Qwen2.5,Qwen2.5 3b,6,5,3,2,1,2,3,4
d4bad40f-790e-473f-9089-e08e0867f46f,Malware,31,15.1,GPT-4o,GPT-4o-mini,Qwen2.5 3b,Qwen2.5,8,6,2,4,1,2,4,3
d5f63e9f-e07b-47c2-8888-c411ac5f5557,Malware,1441,15.040000000000004,GPT-4o-mini,Qwen2.5 3b,GPT-4o,Qwen2.5,5,8,3,6,3,1,4,2
d7255d12-3c2a-4b6f-96cf-147136a0cc47,Malware,33,15.0,Qwen2.5 3b,GPT-4o-mini,GPT-4o,Qwen2.5,4,5,2,6,3,2,4,1
d7f2b509-1a44-4eb4-9c42-a05679f1cbec,Malware,1864,15.720000000000006,GPT-4o,GPT-4o-mini,Qwen2.5 3b,Qwen2.5,7,6,3,5,1,2,4,3
d858efd1-3c9c-4f78-a78a-d5a09d57badd,Malware,114,15.4,GPT-4o-mini,GPT-4o,Qwen2.5,Qwen2.5 3b,6,8,4,2,2,1,3,4
d8ab279e-edfd-44ad-9d00-5bcb519999cf,Malware,32,15.350000000000001,GPT-4o-mini,GPT-4o,Qwen2.5,Qwen2.5 3b,7,8,5,3,2,1,3,4
d8ba48be-4eb1-4ac1-9639-8f1a81d11946,Malware,2926,15.720000000000006,GPT-4o-mini,GPT-4o,Qwen2.5 3b,Qwen2.5,7,8,2,4,2,1,4,3
d8ca5822-7e72-4f52-a816-8cca6b48f8b9,Malware,118,15.350000000000001,GPT-4o,Qwen2.5 3b,GPT-4o-mini,Qwen2.5,8,5,3,6,1,3,4,2
da42bf9e-c949-4974-90a6-f24779bdb892,Malware,24,15.36000000000001,GPT-4o-mini,Qwen2.5 3b,Qwen2.5,GPT-4o,1,8,2,5,4,1,3,2
dba85ac4-542e-48fb-8371-8c0a8da50bee,Malware,3853,15.680000000000007,GPT-4o-mini,GPT-4o,Qwen2.5 3b,Qwen2.5,7,8,2,4,2,1,4,3
dbdf0f2d-39d2-42e7-a4d3-fd6f4690935a,Malware,1782,15.400000000000007,GPT-4o-mini,GPT-4o,Qwen2.5 3b,Qwen2.5,4,5,2,3,2,1,4,3
dbee4cff-cc20-4d3b-9fe2-454b4f170346,Malware,106,15.100000000000001,GPT-4o,Qwen2.5 3b,GPT-4o-mini,Qwen2.5,8,6,4,7,1,3,4,2
dc5efd9e-0b20-4dde-a2bf-686cfbe48f96,Malware,5407,15.560000000000006,GPT-4o-mini,GPT-4o,Qwen2.5 3b,Qwen2.5,7,8,2,4,2,1,4,3
dde1aa38-f9e2-4fb3-ba1e-22c40a1d8930,Malware,6252,15.520000000000005,GPT-4o-mini,Qwen2.5 3b,Qwen2.5,GPT-4o,1,6,2,3,4,1,3,2
de621b80-e2be-40da-b990-28546af59c96,Malware,453,15.100000000000001,GPT-4o,GPT-4o-mini,Qwen2.5,Qwen2.5 3b,7,5,3,1,1,2,3,4
de8027b9-1c42-4e46-bd72-b12a29ceaedf,Malware,3519,15.360000000000005,GPT-4o,GPT-4o-mini,Qwen2.5 3b,Qwen2.5,5,4,1,3,1,2,4,3
debe62cb-4760-47d1-a40f-eda3e0cafdc3,Malware,3325,15.400000000000006,GPT-4o,GPT-4o-mini,Qwen2.5 3b,Qwen2.5,8,7,2,5,1,2,4,3
ded97cdb-c12d-437c-90eb-be92e7014a7b,Malware,2703,15.040000000000006,GPT-4o,GPT-4o-mini,Qwen2.5 3b,Qwen2.5,7,6,2,3,1,2,4,3
e08f0a38-7b18-4fd9-992e-a57fd132901b,Malware,5642,15.480000000000006,GPT-4o-mini,Qwen2.5,Qwen2.5 3b,GPT-4o,1,8,4,3,4,1,2,3
e0a2f709-3663-4aad-8075-77edd7695cff,Malware,33,15.0,GPT-4o,GPT-4o-mini,Qwen2.5 3b,Qwen2.5,7,5,1,3,1,2,4,3
e13b4a84-c8a5-4ff1-adbb-2d453a445e40,Malware,2791,15.240000000000006,GPT-4o,GPT-4o-mini,Qwen2.5 3b,Qwen2.5,8,7,3,5,1,2,4,3
e16fbe9b-b429-4caa-9e95-5c56f324d827,Malware,27,15.36000000000001,GPT-4o-mini,GPT-4o,Qwen2.5 3b,Qwen2.5,5,6,3,4,2,1,4,3
e17cae4d-ef3f-4b4b-b10c-31ca4f0eb3d7,Malware,111,15.100000000000001,GPT-4o-mini,Qwen2.5 3b,Qwen2.5,GPT-4o,1,5,2,4,4,1,3,2
e26fb2e4-ab1b-400e-b2d3-077cb2886047,Malware,28,15.36000000000001,Qwen2.5 3b,GPT-4o-mini,GPT-4o,Qwen2.5,5,6,2,7,3,2,4,1
e276696d-fd1a-4188-a8d9-98603c113639,Malware,115,15.1,GPT-4o,GPT-4o-mini,Qwen2.5,Qwen2.5 3b,8,6,5,3,1,2,3,4
e2974b58-020e-44dc-be7c-5ddb289b71d7,Malware,107,15.100000000000001,GPT-4o,Qwen2.5 3b,GPT-4o-mini,Qwen2.5,6,4,2,5,1,3,4,2
e2f78f6c-ce69-4e36-b024-daef11758418,Malware,2934,15.040000000000004,GPT-4o,GPT-4o-mini,Qwen2.5,Qwen2.5 3b,7,6,4,3,1,2,3,4
e375e0da-42b1-4e09-aab2-3f2d71c1f800,Malware,1429,15.160000000000005,GPT-4o-mini,Qwen2.5 3b,Qwen2.5,GPT-4o,1,8,4,6,4,1,3,2
e4279f48-8fb5-4ac4-abf6-8fdbb1128a23,Malware,3687,15.680000000000005,GPT-4o,GPT-4o-mini,Qwen2.5 3b,Qwen2.5,7,6,2,3,1,2,4,3
e49f53df-39ac-4fc3-a9b7-797d96098601,Malware,74,15.100000000000001,GPT-4o-mini,GPT-4o,Qwen2.5 3b,Qwen2.5,7,8,3,5,2,1,4,3
e4e6b336-567d-47c1-a908-93aafc64138a,Malware,32,15.0,GPT-4o-mini,GPT-4o,Qwen2.5 3b,Qwen2.5,6,8,2,4,2,1,4,3
e58728b7-199b-4636-9be1-148c043f465a,Malware,3890,15.520000000000007,GPT-4o-mini,GPT-4o,Qwen2.5 3b,Qwen2.5,5,7,2,4,2,1,4,3
e6a848f6-cf5c-4625-83a8-a1351f37d7ce,Malware,115,15.100000000000001,GPT-4o-mini,Qwen2.5 3b,Qwen2.5,GPT-4o,1,4,2,3,4,1,3,2
e6f1fe52-4bdc-4d75-a6a3-fea81e9a9520,Malware,170,15.25,GPT-4o,GPT-4o-mini,Qwen2.5 3b,Qwen2.5,7,5,2,4,1,2,4,3
e96c423d-f2d2-47ba-bf0d-7a7fd5f7f984,Malware,33,15.350000000000001,GPT-4o-mini,GPT-4o,Qwen2.5 3b,Qwen2.5,6,7,2,4,2,1,4,3
e971f9b3-0269-4a8f-9b14-51062ea8c809,Malware,215,15.0,GPT-4o,Qwen2.5 3b,GPT-4o-mini,Qwen2.5,7,5,3,6,1,3,4,2
e9877e68-022b-4588-b236-bc6137c5a079,Malware,120,15.100000000000001,GPT-4o,GPT-4o-mini,Qwen2.5 3b,Qwen2.5,7,6,3,4,1,2,4,3
e9d57498-3d17-418d-b5a6-67f389095b11,Malware,122,15.35,GPT-4o-mini,GPT-4o,Qwen2.5,Qwen2.5 3b,6,8,5,2,2,1,3,4
ea35ccc6-3e6c-4728-b8fd-40298912ddb1,Malware,112,15.350000000000001,Qwen2.5 3b,GPT-4o-mini,Qwen2.5,GPT-4o,1,6,4,7,4,2,3,1
ea767961-220e-4618-9eee-8edc23662fb8,Malware,138,15.15,GPT-4o,GPT-4o-mini,Qwen2.5 3b,Qwen2.5,8,7,3,5,1,2,4,3
eb2ddeb4-abee-4376-8ecd-5305e8ef45db,Malware,121,15.650000000000002,GPT-4o,GPT-4o-mini,Qwen2.5 3b,Qwen2.5,7,6,3,4,1,2,4,3
eb3b5f70-37b8-4782-b40a-6aea3b2b0fc0,Malware,5677,15.000000000000007,GPT-4o-mini,GPT-4o,Qwen2.5 3b,Qwen2.5,4,5,2,3,2,1,4,3
eb3f93e6-2a0f-4ab7-a778-2926dd87683c,Malware,101,15.100000000000001,GPT-4o-mini,Qwen2.5 3b,Qwen2.5,GPT-4o,3,7,4,5,4,1,3,2
eba66497-49b4-48a9-b295-98ae7d2d4b72,Malware,83,15.100000000000001,GPT-4o,GPT-4o-mini,Qwen2.5 3b,Qwen2.5,7,6,2,4,1,2,4,3
eca180ea-e3c6-4395-94ca-b6d48b65ee70,Malware,643,15.200000000000006,GPT-4o-mini,GPT-4o,Qwen2.5 3b,Qwen2.5,5,6,2,4,2,1,4,3
ed124d97-90aa-457c-926b-21b1cf8513c3,Malware,5649,15.360000000000005,GPT-4o-mini,GPT-4o,Qwen2.5 3b,Qwen2.5,7,8,2,3,2,1,4,3
ed3e39d8-6d67-43e3-96a3-b6d32e9bc8d3,Malware,157,15.25,GPT-4o,GPT-4o-mini,Qwen2.5,Qwen2.5 3b,7,5,3,2,1,2,3,4
edfb8fd4-2393-4c2e-9778-d961bfc890ba,Malware,107,15.100000000000001,GPT-4o-mini,Qwen2.5,GPT-4o,Qwen2.5 3b,6,8,7,5,3,1,2,4
ef8de12d-54f4-4b02-9445-8e0554a46c79,Malware,1025,15.360000000000007,GPT-4o-mini,GPT-4o,Qwen2.5 3b,Qwen2.5,7,8,3,5,2,1,4,3
ef9ecaf8-c99e-49d7-8dbe-bc0816c897be,Normal,76,15.200000000000008,GPT-4o-mini,Qwen2.5 3b,Qwen2.5,GPT-4o,1,8,3,5,4,1,3,2
efe03ed3-56c9-4957-93af-00f46441c183,Malware,103,15.100000000000001,GPT-4o-mini,GPT-4o,Qwen2.5 3b,Qwen2.5,5,7,2,4,2,1,4,3
f0204886-8b6e-4c26-928c-3d1686abec1d,Malware,3173,15.100000000000003,GPT-4o,GPT-4o-mini,Qwen2.5 3b,Qwen2.5,7,6,2,4,1,2,4,3
f1035852-44ad-4ed2-8da1-864e770b9930,Malware,285,15.200000000000005,Qwen2.5 3b,GPT-4o-mini,GPT-4o,Qwen2.5,4,5,2,6,3,2,4,1
f13f31b1-5f68-4b69-a051-e72f6ac2d029,Malware,81,15.100000000000001,GPT-4o-mini,Qwen2.5 3b,GPT-4o,Qwen2.5,5,8,2,6,3,1,4,2
f154a119-7d2b-42f0-95a9-0a02133dbfb4,Malware,28,15.36000000000001,GPT-4o-mini,Qwen2.5 3b,Qwen2.5,GPT-4o,1,7,3,5,4,1,3,2
f1986bd6-d690-45b6-82b5-183c70410cc6,Normal,521,15.200000000000008,GPT-4o,GPT-4o-mini,Qwen2.5 3b,Qwen2.5,7,6,2,4,1,2,4,3
f29eac34-3fd2-4565-9e99-284931dcded4,Malware,32,15.350000000000001,Qwen2.5 3b,GPT-4o,GPT-4o-mini,Qwen2.5,7,5,4,8,2,3,4,1
f3626386-2102-4f0d-9f35-0cbbd9f36b08,Malware,3609,15.000000000000005,GPT-4o-mini,GPT-4o,Qwen2.5,Qwen2.5 3b,6,7,2,1,2,1,3,4
f37d23bf-8bf2-4337-bc56-4d3c7a5e8ee1,Malware,6299,15.320000000000002,GPT-4o-mini,Qwen2.5 3b,Qwen2.5,GPT-4o,1,8,4,3,4,1,3,2
f3a523ce-cc49-4fd4-9cf9-d5893f77e244,Malware,2987,15.340000000000007,GPT-4o-mini,GPT-4o,Qwen2.5 3b,Qwen2.5,7,8,3,4,2,1,4,3
f4d3ed2f-70e9-417e-81f8-fdd5e1c80470,Malware,3294,15.120000000000005,GPT-4o-mini,GPT-4o,Qwen2.5,Qwen2.5 3b,7,8,4,3,2,1,3,4
f526ffff-74fa-4f38-8944-9123f1a2ba96,Malware,29,15.36000000000001,GPT-4o-mini,GPT-4o,Qwen2.5,Qwen2.5 3b,5,7,3,2,2,1,3,4
f528a21d-d41e-45c7-ab92-b211715f9b19,Malware,137,15.400000000000002,Qwen2.5 3b,GPT-4o,GPT-4o-mini,Qwen2.5,5,5,3,7,2,3,4,1
f594921a-c9a6-4d3f-a9a1-8aee5a3322aa,Malware,539,15.320000000000006,GPT-4o,Qwen2.5 3b,GPT-4o-mini,Qwen2.5,7,5,3,6,1,3,4,2
f5bf8323-83ea-4bfb-8e23-a8bcf913fa95,Malware,2769,15.199999999999998,GPT-4o-mini,GPT-4o,Qwen2.5 3b,Qwen2.5,5,7,2,3,2,1,4,3
f63c7397-31d6-4e7b-a09e-9278cf95160b,Normal,1823,15.355999999999998,Qwen2.5 3b,GPT-4o-mini,GPT-4o,Qwen2.5,5,6,3,7,3,2,4,1
f758d6ce-80c2-4e87-bbb4-9e2a0f937cde,Malware,903,15.0,GPT-4o,GPT-4o-mini,Qwen2.5 3b,Qwen2.5,8,7,4,6,1,2,4,3
f85df80a-6948-48ab-a0ca-597773ef940d,Malware,110,15.400000000000002,Qwen2.5 3b,GPT-4o-mini,GPT-4o,Qwen2.5,3,4,2,5,3,2,4,1
f8ab8805-a66f-45a7-a270-3120febd3c6f,Malware,92,15.350000000000001,GPT-4o-mini,Qwen2.5 3b,Qwen2.5,GPT-4o,1,7,3,6,4,1,3,2
fc9018ba-b03c-43c4-918a-747d258f165b,Malware,2428,15.040000000000003,GPT-4o-mini,GPT-4o,Qwen2.5 3b,Qwen2.5,7,8,2,5,2,1,4,3
fcbe60d2-91b1-4b12-8b55-08c9ff030e42,Malware,190,15.25,GPT-4o-mini,GPT-4o,Qwen2.5,Qwen2.5 3b,6,7,4,2,2,1,3,4
feb320fe-40e9-428c-be3d-3e1631ddf0dc,Malware,95,15.100000000000001,GPT-4o-mini,GPT-4o,Qwen2.5,Qwen2.5 3b,6,7,4,3,2,1,3,4
ff08c7e9-4953-421f-a68d-364b69cf5d7b,Malware,2612,15.680000000000007,GPT-4o,GPT-4o-mini,Qwen2.5 3b,Qwen2.5,7,6,1,3,1,2,4,3
ff2390bf-0e97-4487-8e1b-993d3a16ae37,Malware,134,15.350000000000001,GPT-4o-mini,GPT-4o,Qwen2.5 3b,Qwen2.5,6,7,2,4,2,1,4,3
ff4eaaac-65b3-41be-bdf4-6b20c43bfdda,Malware,93,15.1,GPT-4o,Qwen2.5 3b,GPT-4o-mini,Qwen2.5,9,5,3,6,1,3,4,2
ff509832-f471-4714-a8cb-3e9b3db4ecaf,Malware,1673,15.100000000000001,GPT-4o,GPT-4o-mini,Qwen2.5 3b,Qwen2.5,7,6,2,4,1,2,4,3
